date,unit_sales,dcoilwtico,holiday_count,is_national_holiday,is_regional_holiday,is_local_holiday,holiday_description,is_holiday,year,month,day,dayofweek,day_name,week_of_year,quarter,is_weekend,is_month_start,is_month_end,sales_outlier_flag,unit_sales_lag_1,unit_sales_lag_7,unit_sales_lag_14,unit_sales_lag_30,unit_sales_roll_mean_7,unit_sales_roll_std_7,unit_sales_roll_mean_14,unit_sales_roll_std_14,unit_sales_roll_mean_30,unit_sales_roll_std_30,oil_lag_1,oil_lag_7,oil_roll_mean_7
2013-02-01,401.0,97.46,0,0,0,0,No holiday,0,2013,2,1,4,Friday,5,1,0,1,0,0,282.0,389.0,60.0,582.0,454.57142857142856,154.05935776279742,497.07142857142856,253.17779228339606,520.8333333333334,237.40799790922034,97.65,95.15,96.49285714285715
2013-02-02,775.0,97.04333333333332,0,0,0,0,No holiday,0,2013,2,2,5,Saturday,5,1,1,0,0,0,401.0,697.0,667.0,310.0,456.2857142857143,153.2728659240484,521.4285714285714,222.43052996236963,514.8,238.09884936505998,97.46,95.41666666666667,96.82285714285716
2013-02-03,855.0,96.62666666666667,0,0,0,0,No holiday,0,2013,2,3,6,Sunday,5,1,1,0,0,0,775.0,616.0,1090.0,338.0,467.42857142857144,174.98653009384927,529.1428571428571,229.62405969586192,530.3,239.43858905998104,97.04333333333332,95.68333333333334,97.0552380952381
2013-02-04,411.0,96.21,0,0,0,0,No holiday,0,2013,2,4,0,Monday,6,1,0,0,0,0,855.0,318.0,760.0,654.0,501.57142857142856,224.9813748904984,512.3571428571429,190.77397304456582,547.5333333333333,243.68828779651145,96.62666666666667,95.95,97.19000000000001
2013-02-05,272.0,96.68,0,0,0,0,No holiday,0,2013,2,5,1,Tuesday,6,1,0,0,0,0,411.0,393.0,461.0,979.0,514.8571428571429,214.85221942180658,487.42857142857144,178.32067669303987,539.4333333333333,244.06566150615447,96.21,97.62,97.22714285714285
2013-02-06,461.0,96.44,0,0,0,0,No holiday,0,2013,2,6,2,Wednesday,6,1,0,0,0,0,272.0,487.0,413.0,541.0,497.57142857142856,230.58176940285696,473.92857142857144,187.398573299599,515.8666666666667,234.08762481590952,96.68,97.98,97.09285714285714
2013-02-07,397.0,95.84,0,0,0,0,No holiday,0,2013,2,7,3,Thursday,6,1,0,0,0,0,461.0,282.0,326.0,434.0,493.85714285714283,230.98948646452024,477.35714285714283,186.63564139081942,513.2,234.24705496253458,96.44,97.65,96.87285714285713
2013-02-08,226.0,95.71,0,0,0,0,No holiday,0,2013,2,8,4,Friday,6,1,0,0,0,0,397.0,401.0,389.0,593.0,510.2857142857143,217.0811785835843,482.42857142857144,183.13833119161114,511.96666666666664,234.7752385659062,95.84,97.46,96.61428571428571
2013-02-09,377.0,96.14333333333333,0,0,0,0,No holiday,0,2013,2,9,5,Saturday,6,1,1,0,0,0,226.0,775.0,697.0,700.0,485.2857142857143,240.5706509432063,470.7857142857143,194.3716418741043,499.73333333333335,239.91261819215782,95.71,97.04333333333332,96.36428571428571
2013-02-10,356.0,96.57666666666667,0,0,0,0,No holiday,0,2013,2,10,6,Sunday,6,1,1,0,0,0,377.0,855.0,616.0,726.0,428.42857142857144,205.10473515000143,447.92857142857144,184.27674183796893,488.96666666666664,237.85412558429854,96.14333333333333,96.62666666666667,96.23571428571428
2013-02-11,407.0,97.01,1,1,0,0,Carnaval,1,2013,2,11,0,Monday,7,1,0,0,0,0,356.0,411.0,318.0,631.0,357.14285714285717,81.77087617529837,429.35714285714283,179.06320634941093,476.6333333333333,234.7114858910731,96.57666666666667,96.21,96.22857142857143
2013-02-12,469.0,97.48,1,1,0,0,Carnaval,1,2013,2,12,1,Tuesday,7,1,0,0,0,0,407.0,272.0,393.0,679.0,356.57142857142856,81.34465182759202,435.7142857142857,176.36519304749783,469.1666666666667,233.18944249676917,97.01,96.68,96.34285714285716
2013-02-13,277.0,97.03,0,0,0,0,No holiday,0,2013,2,13,2,Wednesday,7,1,0,0,0,0,469.0,461.0,487.0,683.0,384.7142857142857,81.2869696111944,441.14285714285717,176.1187786007615,462.1666666666667,229.80067574903396,97.48,96.44,96.45714285714287
2013-02-14,280.0,97.3,0,0,0,0,No holiday,0,2013,2,14,3,Thursday,7,1,0,0,0,0,277.0,397.0,282.0,547.0,358.42857142857144,82.25135691455493,426.14285714285717,180.79348913687562,448.6333333333333,228.2970665048341,97.03,95.84,96.54142857142857
2013-02-15,304.0,95.95,0,0,0,0,No holiday,0,2013,2,15,4,Friday,7,1,0,0,0,0,280.0,226.0,401.0,265.0,341.7142857142857,84.95040569986233,426.0,180.91689549879783,439.73333333333335,229.53114631011798,97.3,95.71,96.75
2013-02-16,576.0,96.135,0,0,0,0,No holiday,0,2013,2,16,5,Saturday,7,1,1,0,0,0,304.0,377.0,775.0,4.0,352.85714285714283,71.25407256531125,419.07142857142856,183.78267445156868,441.03333333333336,228.6159983742251,95.95,96.14333333333333,96.78428571428572
2013-02-17,395.0,96.32,0,0,0,0,No holiday,0,2013,2,17,6,Sunday,7,1,1,0,0,0,576.0,356.0,855.0,60.0,381.2857142857143,111.06711827496277,404.85714285714283,160.33659649569717,460.1,214.3156470062887,96.135,96.57666666666667,96.78309523809524
2013-02-18,417.0,96.505,0,0,0,0,No holiday,0,2013,2,18,0,Monday,8,1,0,0,0,0,395.0,407.0,411.0,667.0,386.85714285714283,110.56435316355811,372.0,94.68815213027423,471.26666666666665,201.06799901994614,96.32,97.01,96.74642857142855
2013-02-19,244.0,96.69,0,0,0,0,No holiday,0,2013,2,19,1,Tuesday,8,1,0,0,0,0,417.0,469.0,272.0,1090.0,388.2857142857143,110.93198259250835,372.42857142857144,94.89160965236803,462.93333333333334,197.8306369588397,96.505,97.48,96.67428571428572
2013-02-20,339.0,94.92,0,0,0,0,No holiday,0,2013,2,20,2,Wednesday,8,1,0,0,0,0,244.0,277.0,461.0,760.0,356.14285714285717,116.12267733081241,370.42857142857144,97.43219676797177,434.73333333333335,162.5055825743107,96.69,97.03,96.56142857142856
2013-02-21,457.0,92.79,0,0,0,0,No holiday,0,2013,2,21,3,Thursday,8,1,0,0,0,0,339.0,280.0,397.0,461.0,365.0,111.3463066293615,361.7142857142857,94.10749056382053,420.7,151.23540681950803,94.92,97.3,96.25999999999999
2013-02-22,186.0,93.12,0,0,0,0,No holiday,0,2013,2,22,4,Friday,8,1,0,0,0,0,457.0,304.0,226.0,413.0,390.2857142857143,108.89706804396181,366.0,97.15491198635672,420.56666666666666,151.20041126867386,92.79,95.95,95.61571428571429
2013-02-23,497.0,92.99333333333334,0,0,0,0,No holiday,0,2013,2,23,5,Saturday,8,1,1,0,0,0,186.0,576.0,377.0,326.0,373.42857142857144,131.30734574889118,363.14285714285717,102.05342276915994,413.0,157.15487638763813,93.12,96.135,95.21142857142857
2013-02-24,509.0,92.86666666666666,0,0,0,0,No holiday,0,2013,2,24,6,Sunday,8,1,1,0,0,0,497.0,395.0,356.0,389.0,362.14285714285717,113.13182365634046,371.7142857142857,108.16328722490134,418.7,156.9915767562509,92.99333333333334,96.32,94.76261904761905
2013-02-25,441.0,92.74,0,0,0,0,No holiday,0,2013,2,25,0,Monday,9,1,0,0,0,0,509.0,417.0,407.0,697.0,378.42857142857144,126.11087336527406,382.64285714285717,114.02402388083766,422.7,157.73573491433558,92.86666666666666,96.505,94.26928571428573
2013-02-26,550.0,92.63,0,0,0,0,No holiday,0,2013,2,26,1,Tuesday,9,1,0,0,0,0,441.0,244.0,469.0,616.0,381.85714285714283,127.65112425595528,385.07142857142856,114.94109815012149,414.1666666666667,149.0713976898165,92.74,96.69,93.7314285714286
2013-02-27,388.0,92.84,0,0,0,0,No holiday,0,2013,2,27,2,Wednesday,9,1,0,0,0,0,550.0,339.0,277.0,318.0,425.57142857142856,124.93979502525303,390.85714285714283,121.35064079755757,411.96666666666664,146.45406089973406,92.63,94.92,93.15142857142857
2013-02-28,316.0,92.03,0,0,0,0,No holiday,0,2013,2,28,3,Thursday,9,1,0,0,1,0,388.0,457.0,280.0,393.0,432.57142857142856,120.5775782679029,398.7857142857143,116.88335972335673,414.3,145.4595926828076,92.84,92.79,92.85428571428572
2013-03-01,305.0,90.71,0,0,0,0,No holiday,0,2013,3,1,4,Friday,9,1,0,1,0,0,316.0,186.0,304.0,487.0,412.42857142857144,127.40075502504773,401.35714285714283,114.43950847019981,411.73333333333335,146.52384373066798,92.03,93.12,92.74571428571429
2013-03-02,627.0,90.51666666666667,1,0,0,1,Fundacion de Manta,1,2013,3,2,5,Saturday,9,1,1,0,0,0,305.0,497.0,576.0,282.0,429.42857142857144,96.2927085208718,401.42857142857144,114.37436122442101,405.6666666666667,147.06680005412824,90.71,92.99333333333334,92.40142857142857
2013-03-03,853.0,90.32333333333332,0,0,0,0,No holiday,0,2013,3,3,6,Sunday,9,1,1,0,0,0,627.0,509.0,395.0,401.0,448.0,120.89113560003707,405.07142857142856,120.98344723760496,417.1666666666667,150.5115606359109,90.51666666666667,92.86666666666666,92.04761904761904
2013-03-04,554.0,90.13,0,0,0,0,No holiday,0,2013,3,4,0,Monday,10,1,0,0,0,0,853.0,441.0,417.0,775.0,497.14285714285717,196.25105398564395,437.7857142857143,170.0308472336384,432.23333333333335,170.1761122937127,90.32333333333332,92.74,91.6842857142857
2013-03-05,487.0,90.88,0,0,0,0,No holiday,0,2013,3,5,1,Tuesday,10,1,0,0,0,0,554.0,550.0,244.0,855.0,513.2857142857143,195.5093469937044,447.57142857142856,172.66450986532482,424.8666666666667,159.25986860200044,90.13,92.63,91.31142857142856
2013-03-06,458.0,90.47,0,0,0,0,No holiday,0,2013,3,6,2,Wednesday,10,1,0,0,0,0,487.0,388.0,339.0,411.0,504.2857142857143,194.98693484924755,464.92857142857144,162.54346840423648,412.6,137.70022412522772,90.88,92.84,91.06142857142856
2013-03-07,566.0,91.53,0,0,0,0,No holiday,0,2013,3,7,3,Thursday,10,1,0,0,0,0,458.0,316.0,457.0,272.0,514.2857142857143,189.75397605470982,473.42857142857144,158.51314640249083,414.1666666666667,137.94853696424158,90.47,92.03,90.72285714285714
2013-03-08,361.0,92.01,0,0,0,0,No holiday,0,2013,3,8,4,Friday,10,1,0,0,0,0,566.0,305.0,186.0,461.0,550.0,168.55661758985713,481.2142857142857,160.31084159864503,423.96666666666664,137.94363749893213,91.53,90.71,90.65142857142858
2013-03-09,549.0,92.03,0,0,0,0,No holiday,0,2013,3,9,5,Saturday,10,1,1,0,0,0,361.0,627.0,497.0,397.0,558.0,155.83966119059681,493.7142857142857,141.20548505985505,420.6333333333333,138.22582306110374,92.01,90.51666666666667,90.83714285714287
2013-03-10,591.0,92.05,0,0,0,0,No holiday,0,2013,3,10,6,Sunday,10,1,1,0,0,0,549.0,853.0,509.0,226.0,546.8571428571429,152.84352409291947,497.42857142857144,141.9803422394013,425.7,140.10270863019477,92.03,90.32333333333332,91.05333333333333
2013-03-11,296.0,92.07,0,0,0,0,No holiday,0,2013,3,11,0,Monday,11,1,0,0,0,0,591.0,554.0,441.0,377.0,509.42857142857144,80.19321904595382,503.2857142857143,144.1689332646991,437.8666666666667,137.99518565648518,92.05,90.13,91.29999999999998
2013-03-12,213.0,92.44,0,0,0,0,No holiday,0,2013,3,12,1,Tuesday,11,1,0,0,0,0,296.0,487.0,550.0,356.0,472.57142857142856,110.0315971934984,492.92857142857144,153.86980724761278,435.1666666666667,140.0049465464391,92.07,90.88,91.57714285714285
2013-03-13,620.0,92.47,0,0,0,0,No holiday,0,2013,3,13,2,Wednesday,11,1,0,0,0,0,213.0,458.0,388.0,407.0,433.42857142857144,146.67748877822243,468.85714285714283,169.79120985803374,430.4,145.13361263760157,92.44,90.47,91.79999999999998
2013-03-14,388.0,93.03,0,0,0,0,No holiday,0,2013,3,14,3,Thursday,11,1,0,0,0,0,620.0,566.0,316.0,469.0,456.57142857142856,163.06528052987122,485.42857142857144,172.59098571955684,437.5,149.10508906877357,92.47,91.53,92.08571428571427
2013-03-15,240.0,93.49,0,0,0,0,No holiday,0,2013,3,15,4,Friday,11,1,0,0,0,0,388.0,361.0,305.0,277.0,431.14285714285717,156.9197550463592,490.57142857142856,168.17011272276278,434.8,149.24832350470646,93.03,92.01,92.29999999999998
2013-03-16,779.0,93.56333333333333,0,0,0,0,No holiday,0,2013,3,16,5,Saturday,11,1,1,0,0,0,240.0,549.0,627.0,280.0,413.85714285714283,171.8850668047577,485.92857142857144,174.46686451354233,433.56666666666666,150.7426862944414,93.49,92.03,92.51142857142857
2013-03-17,695.0,93.63666666666666,0,0,0,0,No holiday,0,2013,3,17,6,Sunday,11,1,1,0,0,0,779.0,591.0,853.0,304.0,446.7142857142857,217.85906322338602,496.7857142857143,188.116648987732,450.2,160.43247585929984,93.56333333333333,92.05,92.7304761904762
2013-03-18,465.0,93.71,0,0,0,0,No holiday,0,2013,3,18,0,Monday,12,1,0,0,0,0,695.0,296.0,554.0,576.0,461.57142857142856,232.39969674597026,485.5,168.85576457666215,463.23333333333335,163.98857894069482,93.63666666666666,92.07,92.95714285714284
2013-03-19,418.0,92.44,0,0,0,0,No holiday,0,2013,3,19,1,Tuesday,12,1,0,0,0,0,465.0,213.0,487.0,395.0,485.7142857142857,220.8224885028048,479.14285714285717,167.750206760325,459.53333333333336,162.60290817548878,93.71,92.44,93.19142857142856
2013-03-20,522.0,93.21,0,0,0,0,No holiday,0,2013,3,20,2,Wednesday,12,1,0,0,0,0,418.0,620.0,458.0,417.0,515.0,190.08068462278493,474.2142857142857,168.51349116108364,460.3,162.34215676178803,92.44,92.47,93.19142857142856
2013-03-21,241.0,92.46,0,0,0,0,No holiday,0,2013,3,21,3,Thursday,12,1,0,0,0,0,522.0,388.0,566.0,244.0,501.0,184.5878291401321,478.7857142857143,168.90742961817782,463.8,162.50822790840786,93.21,93.03,93.29714285714286
2013-03-22,353.0,93.41,0,0,0,0,No holiday,0,2013,3,22,4,Friday,12,1,0,0,0,0,241.0,240.0,361.0,339.0,480.0,206.63171747499604,455.57142857142856,178.08326241297425,463.7,162.64900860441787,92.46,93.49,93.21571428571427
2013-03-23,544.0,93.78999999999999,0,0,0,0,No holiday,0,2013,3,23,5,Saturday,12,1,1,0,0,0,353.0,779.0,549.0,457.0,496.14285714285717,188.36350369381395,455.0,178.42257532222564,464.1666666666667,162.29859313417762,93.41,93.56333333333333,93.20428571428572
2013-03-24,529.0,94.17,0,0,0,0,No holiday,0,2013,3,24,6,Sunday,12,1,1,0,0,0,544.0,695.0,591.0,186.0,462.57142857142856,145.64666965280142,454.64285714285717,178.22483947697444,467.06666666666666,162.94211651176417,93.78999999999999,93.63666666666666,93.23666666666666
2013-03-25,413.0,94.55,0,0,0,0,No holiday,0,2013,3,25,0,Monday,13,1,0,0,0,0,529.0,465.0,296.0,497.0,438.85714285714283,110.8533995440647,450.2142857142857,175.32263822030333,478.5,154.34729089587722,94.17,93.71,93.31285714285714
2013-03-26,300.0,95.99,0,0,0,0,No holiday,0,2013,3,26,1,Tuesday,13,1,0,0,0,0,413.0,418.0,213.0,509.0,431.42857142857144,110.55143168507088,458.57142857142856,170.11747718549069,475.7,154.76147386576363,94.55,92.44,93.43285714285715
2013-03-27,353.0,96.53,0,0,0,0,No holiday,0,2013,3,27,2,Wednesday,13,1,0,0,0,0,300.0,522.0,620.0,441.0,414.57142857142856,121.40408716741048,464.7857142857143,161.84473973601885,468.73333333333335,157.88339943164368,95.99,93.21,93.93999999999998
2013-03-28,594.0,97.24,0,0,0,0,No holiday,0,2013,3,28,3,Thursday,13,1,0,0,0,0,353.0,241.0,388.0,550.0,390.42857142857144,112.99241441037314,445.7142857142857,157.82923029041808,465.8,159.2281815292238,96.53,92.46,94.41428571428571
2013-03-29,575.0,97.205,0,0,0,0,No holiday,0,2013,3,29,4,Friday,13,1,0,0,0,0,594.0,353.0,240.0,388.0,440.85714285714283,113.95529616393168,460.42857142857144,161.5924190366299,467.26666666666665,160.22999274390747,97.24,93.41,95.09714285714287
2013-03-30,577.0,97.16999999999999,0,0,0,0,No holiday,0,2013,3,30,5,Saturday,13,1,1,0,0,0,575.0,544.0,779.0,316.0,472.57142857142856,116.29682876567306,484.35714285714283,150.88946904317675,473.5,160.67674766866332,97.205,93.78999999999999,95.6392857142857
2013-03-31,643.0,97.13499999999999,0,0,0,0,No holiday,0,2013,3,31,6,Sunday,13,1,1,0,1,0,577.0,529.0,695.0,305.0,477.2857142857143,120.27567540961056,469.92857142857144,128.55197349753055,482.2,158.9110356186105,97.16999999999999,94.17,96.12214285714285
2013-04-01,431.0,97.1,1,0,1,0,Provincializacion de Cotopaxi,1,2013,4,1,0,Monday,14,2,0,1,0,0,643.0,413.0,465.0,627.0,493.57142857142856,135.23295597210137,466.2142857142857,122.14000703570156,493.46666666666664,157.89318373908463,97.13499999999999,94.55,96.54571428571428
2013-04-02,527.0,97.23,0,0,0,0,No holiday,0,2013,4,2,1,Tuesday,14,2,0,0,0,0,431.0,300.0,418.0,853.0,496.14285714285717,133.60692169124118,463.7857142857143,122.50348727935993,486.93333333333334,156.22352097474663,97.1,95.99,96.91
2013-04-03,463.0,95.02,0,0,0,0,No holiday,0,2013,4,3,2,Wednesday,14,2,0,0,0,0,527.0,353.0,522.0,554.0,528.5714285714286,101.83623641719593,471.57142857142856,122.83304133642527,476.06666666666666,140.4212709433059,97.23,96.53,97.08714285714287
2013-04-04,305.0,93.26,0,0,0,0,No holiday,0,2013,4,4,3,Thursday,14,2,0,0,0,0,463.0,594.0,241.0,487.0,544.2857142857143,75.24341451962046,467.35714285714283,121.9789434179627,473.03333333333336,139.66054495129234,95.02,97.24,96.87142857142855
2013-04-05,415.0,92.76,0,0,0,0,No holiday,0,2013,4,5,4,Friday,14,2,0,0,0,0,305.0,575.0,353.0,458.0,503.0,113.15476127852483,471.92857142857144,113.7659299315341,466.96666666666664,142.9471769651253,93.26,97.205,96.30285714285712
2013-04-06,972.0,92.96000000000001,0,0,0,0,No holiday,0,2013,4,6,5,Saturday,14,2,1,0,0,1,415.0,577.0,544.0,566.0,480.14285714285717,112.34385989960809,476.35714285714283,109.92207529592295,465.53333333333336,143.25543459230397,92.76,97.16999999999999,95.66785714285713
2013-04-07,936.0,93.16,0,0,0,0,No holiday,0,2013,4,7,6,Sunday,14,2,1,0,0,1,972.0,643.0,529.0,361.0,536.5714285714286,218.31922891556232,506.92857142857144,172.10884940628705,479.06666666666666,169.79316694210598,92.96000000000001,97.13499999999999,95.06642857142857
2013-04-08,369.0,93.36,0,0,0,0,No holiday,0,2013,4,8,0,Monday,15,2,0,0,0,0,936.0,431.0,413.0,549.0,578.4285714285714,265.1828659264252,536.0,206.96748165240462,498.23333333333335,187.53292737696674,93.16,97.1,94.49857142857142
2013-04-09,458.0,94.18,0,0,0,0,No holiday,0,2013,4,9,1,Tuesday,15,2,0,0,0,0,369.0,527.0,300.0,591.0,569.5714285714286,271.8785618266957,532.8571428571429,209.29987950412092,492.23333333333335,188.72835492851348,93.36,97.23,93.96428571428571
2013-04-10,386.0,94.59,0,0,0,0,No holiday,0,2013,4,10,2,Wednesday,15,2,0,0,0,0,458.0,463.0,353.0,296.0,559.7142857142857,274.91314645763686,544.1428571428571,199.82332856141352,487.8,187.88852160715967,94.18,95.02,93.52857142857144
2013-04-11,235.0,93.44,0,0,0,0,No holiday,0,2013,4,11,3,Thursday,15,2,0,0,0,0,386.0,305.0,594.0,213.0,548.7142857142857,280.90313531281816,546.5,197.57715143515648,490.8,185.4227973931561,94.59,93.26,93.46714285714286
2013-04-12,358.0,91.23,1,0,0,1,Fundacion de Cuenca,1,2013,4,12,4,Friday,15,2,0,0,0,0,235.0,415.0,575.0,620.0,538.7142857142857,292.0500609403088,520.8571428571429,213.58617685855725,491.53333333333336,184.3264969321132,93.44,92.76,93.49285714285715
2013-04-13,789.0,90.40333333333334,0,0,0,0,No holiday,0,2013,4,13,5,Saturday,15,2,1,0,0,0,358.0,972.0,577.0,388.0,530.5714285714286,296.82983741691527,505.35714285714283,217.19810423554907,482.8,184.23661697524395,91.23,92.96000000000001,93.27428571428572
2013-04-14,506.0,89.57666666666667,1,0,0,1,Cantonizacion de Libertad,1,2013,4,14,6,Sunday,15,2,1,0,0,0,789.0,936.0,643.0,240.0,504.42857142857144,256.83643117936424,520.5,229.61263366474742,496.1666666666667,191.5240298839508,90.40333333333334,93.16,92.90904761904763
2013-04-15,413.0,88.75,0,0,0,0,No holiday,0,2013,4,15,0,Monday,16,2,0,0,0,0,506.0,369.0,431.0,779.0,443.0,174.7016504405911,510.7142857142857,226.8935462252756,505.03333333333336,185.3123148174143,89.57666666666667,93.36,92.39714285714287
2013-04-16,372.0,88.73,0,0,0,0,No holiday,0,2013,4,16,1,Tuesday,16,2,0,0,0,0,413.0,458.0,527.0,695.0,449.2857142857143,172.37141515316452,509.42857142857144,227.43036610921456,492.8333333333333,178.57927503286697,88.75,94.18,91.73857142857143
2013-04-17,400.0,86.65,0,0,0,0,No holiday,0,2013,4,17,2,Wednesday,16,2,0,0,0,0,372.0,386.0,463.0,465.0,437.0,174.69592630243693,498.35714285714283,230.26426528693463,482.06666666666666,175.683676028789,88.73,94.59,90.96000000000001
2013-04-18,283.0,87.83,0,0,0,0,No holiday,0,2013,4,18,3,Thursday,16,2,0,0,0,0,400.0,235.0,305.0,418.0,439.0,174.09384442497236,493.85714285714283,231.61999951606964,479.9,176.3011432278539,86.65,93.44,89.8257142857143
2013-04-19,376.0,88.04,0,0,0,0,No holiday,0,2013,4,19,4,Friday,16,2,0,0,0,0,283.0,358.0,415.0,522.0,445.85714285714283,165.45032343216906,492.2857142857143,233.0699560123619,475.4,179.6271233646964,87.83,91.23,89.02428571428572
2013-04-20,647.0,88.29666666666667,0,0,0,0,No holiday,0,2013,4,20,5,Saturday,16,2,1,0,0,0,376.0,789.0,972.0,241.0,448.42857142857144,163.99070821528946,489.5,234.29460415993674,470.53333333333336,180.29759562596985,88.04,90.40333333333334,88.56857142857143
2013-04-21,683.0,88.55333333333334,1,0,0,1,Cantonizacion de Riobamba,1,2013,4,21,6,Sunday,16,2,1,0,0,0,647.0,506.0,936.0,353.0,428.14285714285717,116.8466638682622,466.2857142857143,195.7386124289336,484.06666666666666,177.6930583576796,88.29666666666667,89.57666666666667,88.26761904761905
2013-04-22,408.0,88.81,0,0,0,0,No holiday,0,2013,4,22,0,Monday,17,2,0,0,0,0,683.0,413.0,369.0,544.0,453.42857142857144,150.7391313305392,448.2142857142857,156.8532771396582,495.06666666666666,179.50466967959795,88.55333333333334,88.75,88.12142857142858
2013-04-23,400.0,89.21,0,0,0,0,No holiday,0,2013,4,23,1,Tuesday,17,2,0,0,0,0,408.0,372.0,458.0,529.0,452.7142857142857,150.97429614089256,451.0,155.68014546597635,490.53333333333336,179.9430433514302,88.81,88.73,88.13
2013-04-24,493.0,91.07,0,0,0,0,No holiday,0,2013,4,24,2,Wednesday,17,2,0,0,0,0,400.0,400.0,386.0,413.0,456.7142857142857,148.8351596965737,446.85714285714283,156.25022197786384,486.23333333333335,180.5324850571761,89.21,86.65,88.19857142857143
2013-04-25,219.0,93.27,0,0,0,0,No holiday,0,2013,4,25,3,Thursday,17,2,0,0,0,0,493.0,283.0,235.0,300.0,470.0,147.0691447358459,454.5,155.66025627826536,488.9,180.00351529134468,91.07,87.83,88.83
2013-04-26,491.0,92.63,0,0,0,0,No holiday,0,2013,4,26,4,Friday,17,2,0,0,0,0,219.0,376.0,358.0,353.0,460.85714285714283,161.87590779300473,453.35714285714283,157.444303775045,486.2,183.50803797109262,93.27,88.04,89.60714285714286
2013-04-27,755.0,93.11666666666666,0,0,0,0,No holiday,0,2013,4,27,5,Saturday,17,2,1,0,0,0,491.0,647.0,789.0,594.0,477.2857142857143,157.6078617811877,462.85714285714283,155.24514467465582,490.8,181.7754203633589,92.63,88.29666666666667,90.26285714285713
2013-04-28,719.0,93.60333333333334,0,0,0,0,No holiday,0,2013,4,28,6,Sunday,17,2,1,0,0,0,755.0,683.0,506.0,575.0,492.7142857142857,180.59966250034353,460.42857142857144,149.92547599273522,496.1666666666667,187.22236149476944,93.11666666666666,88.55333333333334,90.95142857142856
2013-04-29,411.0,94.09,1,1,0,0,Viernes Santo,1,2013,4,29,0,Monday,18,2,0,0,0,0,719.0,408.0,413.0,577.0,497.85714285714283,187.3093951829684,475.64285714285717,164.95948553548462,500.96666666666664,191.11857365364116,93.60333333333334,88.81,91.67285714285713
2013-04-30,369.0,93.22,0,0,0,0,No holiday,0,2013,4,30,1,Tuesday,18,2,0,0,1,0,411.0,400.0,372.0,643.0,498.2857142857143,187.0728149551345,475.5,165.0187635018885,495.43333333333334,191.24432528580542,94.09,89.21,92.42714285714285
2013-05-01,705.0,90.74,1,1,0,0,Dia del Trabajo,1,2013,5,1,2,Wednesday,18,2,0,1,0,0,369.0,493.0,400.0,431.0,493.85714285714283,190.12927932631197,475.2857142857143,165.1653849800384,486.3,190.4952076508252,93.22,91.07,93.0
2013-05-02,327.0,93.7,0,0,0,0,No holiday,0,2013,5,2,3,Thursday,18,2,0,0,0,0,705.0,219.0,283.0,527.0,524.1428571428571,206.17745477414064,497.07142857142856,174.33189579107378,495.43333333333334,194.28324210008313,90.74,93.27,92.95285714285716
2013-05-03,350.0,95.25,0,0,0,0,No holiday,0,2013,5,3,4,Friday,18,2,0,0,0,0,327.0,491.0,376.0,463.0,539.5714285714286,182.18201259807643,500.2142857142857,170.5309259439373,488.76666666666665,196.58054124302913,93.7,92.63,93.01428571428572
2013-05-04,774.0,95.43333333333334,0,0,0,0,No holiday,0,2013,5,4,5,Saturday,18,2,1,0,0,0,350.0,755.0,647.0,305.0,519.4285714285714,195.73779837907048,498.35714285714283,172.12187414863772,485.0,198.16746662251649,95.25,93.11666666666666,93.38857142857144
2013-05-05,715.0,95.61666666666666,0,0,0,0,No holiday,0,2013,5,5,6,Sunday,18,2,1,0,0,0,774.0,719.0,683.0,415.0,522.1428571428571,199.64170286743567,507.42857142857144,183.527283356627,500.6333333333333,201.94135088040355,95.43333333333334,93.60333333333334,93.71952380952382
2013-05-06,416.0,95.8,0,0,0,0,No holiday,0,2013,5,6,0,Monday,19,2,0,0,0,0,715.0,411.0,408.0,972.0,521.5714285714286,198.98899227751014,509.7142857142857,186.06385528027243,510.6333333333333,204.95995964449062,95.61666666666666,94.09,94.00714285714287
2013-05-07,351.0,95.28,0,0,0,0,No holiday,0,2013,5,7,1,Tuesday,19,2,0,0,0,0,416.0,369.0,400.0,936.0,522.2857142857143,198.53439188690888,510.2857142857143,185.73944884472652,492.1,186.07012953036886,95.8,93.22,94.25142857142858
2013-05-08,418.0,96.24,0,0,0,0,No holiday,0,2013,5,8,2,Wednesday,19,2,0,0,0,0,351.0,705.0,493.0,369.0,519.7142857142857,200.9524937936942,506.7857142857143,188.4198170907917,472.6,167.6917533390686,95.28,90.74,94.54571428571428
2013-05-09,323.0,96.09,0,0,0,0,No holiday,0,2013,5,9,3,Thursday,19,2,0,0,0,0,418.0,327.0,219.0,458.0,478.7142857142857,185.5350050401217,501.42857142857144,189.90228835082277,474.23333333333335,166.88457364160482,96.24,93.7,95.33142857142856
2013-05-10,318.0,95.81,0,0,0,0,No holiday,0,2013,5,10,4,Friday,19,2,0,0,0,0,323.0,350.0,491.0,386.0,478.14285714285717,186.0854898260727,508.85714285714283,179.768165720723,469.73333333333335,169.1422444292812,96.09,95.25,95.67285714285715
2013-05-11,666.0,95.46000000000001,1,1,0,0,Dia de la Madre-1,1,2013,5,11,5,Saturday,19,2,1,0,0,0,318.0,774.0,755.0,235.0,473.57142857142856,190.10773887707006,496.5,186.8947667703774,467.46666666666664,170.75102530783866,95.81,95.43333333333334,95.75285714285714
2013-05-12,548.0,95.11,2,1,0,1,Cantonizacion del Puyo | Dia de la Madre,1,2013,5,12,6,Sunday,19,2,1,0,0,0,666.0,715.0,719.0,358.0,458.14285714285717,164.29184253580385,490.14285714285717,178.7623506837442,481.8333333333333,168.63592355320873,95.46000000000001,95.61666666666666,95.75666666666666
2013-05-13,331.0,94.76,0,0,0,0,No holiday,0,2013,5,13,0,Monday,20,2,0,0,0,0,548.0,416.0,411.0,789.0,434.2857142857143,129.141671928821,477.92857142857144,167.40345749839662,488.1666666666667,167.38806518929619,95.11,95.8,95.6842857142857
2013-05-14,409.0,93.96,0,0,0,0,No holiday,0,2013,5,14,1,Tuesday,20,2,0,0,0,0,331.0,351.0,369.0,506.0,422.14285714285717,135.01040524274163,472.2142857142857,171.18643843277013,472.9,159.7144758408061,94.76,95.28,95.53571428571429
2013-05-15,471.0,93.95,0,0,0,0,No holiday,0,2013,5,15,2,Wednesday,20,2,0,0,0,0,409.0,418.0,705.0,413.0,430.42857142857144,131.65467094240213,475.07142857142856,169.65823759080337,469.6666666666667,160.00287353741456,93.96,96.24,95.34714285714287
2013-05-16,252.0,94.85,0,0,0,0,No holiday,0,2013,5,16,3,Thursday,20,2,0,0,0,0,471.0,323.0,327.0,372.0,438.0,132.34298873255992,458.35714285714283,156.26142156057506,471.6,159.64456209622847,93.95,96.09,95.02
2013-05-17,423.0,95.72,0,0,0,0,No holiday,0,2013,5,17,4,Friday,20,2,0,0,0,0,252.0,318.0,350.0,400.0,427.85714285714283,144.76351816143455,453.0,162.2808581536245,467.6,163.67853270653887,94.85,95.81,94.84285714285714
2013-05-18,600.0,95.91,0,0,0,0,No holiday,0,2013,5,18,5,Saturday,20,2,1,0,0,0,423.0,666.0,774.0,283.0,442.85714285714283,136.69848642350073,458.2142857142857,159.87166900189175,468.3666666666667,163.40461381519177,95.72,95.46000000000001,94.83000000000001
2013-05-19,758.0,96.10000000000001,0,0,0,0,No holiday,0,2013,5,19,6,Sunday,20,2,1,0,0,0,600.0,548.0,715.0,376.0,433.42857142857144,119.99841268791374,445.7857142857143,138.80987471603447,478.93333333333334,161.23958043498678,95.91,95.11,94.89428571428572
2013-05-20,399.0,96.29,0,0,0,0,No holiday,0,2013,5,20,0,Monday,21,2,0,0,0,0,758.0,331.0,416.0,647.0,463.42857142857144,169.46863735694254,448.85714285714283,145.5376542040192,491.6666666666667,167.7813300479039,96.10000000000001,94.76,95.03571428571429
2013-05-21,444.0,95.55,0,0,0,0,No holiday,0,2013,5,21,1,Tuesday,21,2,0,0,0,0,399.0,409.0,351.0,683.0,473.14285714285717,162.4145196417982,447.64285714285717,145.90334373922204,483.4,165.96376837669447,96.29,93.96,95.25428571428571
2013-05-22,455.0,93.98,0,0,0,0,No holiday,0,2013,5,22,2,Wednesday,21,2,0,0,0,0,444.0,471.0,418.0,408.0,478.14285714285717,160.63979225939858,454.2857142857143,143.25793229289275,475.43333333333334,161.73449578378995,95.55,93.95,95.48142857142857
2013-05-23,372.0,94.12,0,0,0,0,No holiday,0,2013,5,23,3,Thursday,21,2,0,0,0,0,455.0,252.0,323.0,400.0,475.85714285714283,160.87202840708323,456.92857142857144,142.87781993217598,477.0,161.28578191606306,93.98,94.85,95.4857142857143
2013-05-24,532.0,93.84,1,1,0,0,Batalla de Pichincha,1,2013,5,24,4,Friday,21,2,0,0,0,0,372.0,423.0,318.0,493.0,493.0,137.77759856619133,460.42857142857144,139.9141023769796,476.06666666666666,161.82684090342246,94.12,95.72,95.38142857142859
2013-05-25,392.0,94.0425,0,0,0,0,No holiday,0,2013,5,25,5,Saturday,21,2,1,0,0,0,532.0,600.0,666.0,219.0,508.57142857142856,134.67226532444968,475.7142857142857,134.7512971659716,477.3666666666667,162.12393797452555,93.84,95.91,95.11285714285714
2013-05-26,532.0,94.245,0,0,0,0,No holiday,0,2013,5,26,6,Sunday,21,2,1,0,0,0,392.0,758.0,548.0,491.0,478.85714285714283,134.08259714497902,456.14285714285717,124.49581836836396,483.1333333333333,155.56099443146323,94.0425,96.10000000000001,94.84607142857143
2013-05-27,291.0,94.4475,0,0,0,0,No holiday,0,2013,5,27,0,Monday,22,2,0,0,0,0,532.0,399.0,331.0,755.0,446.57142857142856,65.16097283614025,455.0,123.65833823638619,484.5,155.81238718407462,94.245,96.29,94.58107142857143
2013-05-28,293.0,94.65,0,0,0,0,No holiday,0,2013,5,28,1,Tuesday,22,2,0,0,0,0,291.0,444.0,409.0,719.0,431.14285714285717,87.32015531255844,452.14285714285717,127.15638895764194,469.03333333333336,150.990176280887,94.4475,95.55,94.31785714285715
2013-05-29,420.0,93.13,0,0,0,0,No holiday,0,2013,5,29,2,Wednesday,22,2,0,0,0,0,293.0,455.0,471.0,411.0,409.57142857142856,101.1679414683928,443.85714285714283,133.7902245151866,454.8333333333333,146.6403254820149,94.65,93.98,94.18928571428572
2013-05-30,271.0,93.57,0,0,0,0,No holiday,0,2013,5,30,3,Thursday,22,2,0,0,0,0,420.0,372.0,252.0,369.0,404.57142857142856,99.397949581227,440.2142857142857,133.688604066101,455.1333333333333,146.55674041448776,93.13,94.12,94.06785714285715
2013-05-31,488.0,91.93,0,0,0,0,No holiday,0,2013,5,31,4,Friday,22,2,0,0,1,0,271.0,532.0,423.0,705.0,390.14285714285717,111.50699316100881,441.57142857142856,131.71280779128352,451.8666666666667,149.60332223245751,93.57,93.84,93.98928571428571
2013-06-01,777.0,92.42333333333333,0,0,0,0,No holiday,0,2013,6,1,5,Saturday,22,2,1,1,0,0,488.0,392.0,600.0,327.0,383.85714285714283,103.10096761820063,446.2142857142857,132.1526963963847,444.6333333333333,141.99477487553563,91.93,94.0425,93.71642857142858
2013-06-02,656.0,92.91666666666667,0,0,0,0,No holiday,0,2013,6,2,6,Sunday,22,2,1,0,0,0,777.0,532.0,758.0,350.0,438.85714285714283,181.24516413910013,458.85714285714283,154.56333386616652,459.6333333333333,152.51828230340655,92.42333333333333,94.245,93.48511904761905
2013-06-03,462.0,93.41,0,0,0,0,No holiday,0,2013,6,3,0,Monday,23,2,0,0,0,0,656.0,291.0,399.0,774.0,456.57142857142856,197.22141292031543,451.57142857142856,141.2045511827616,469.8333333333333,155.1431115372876,92.91666666666667,94.4475,93.29535714285714
2013-06-04,370.0,93.36,0,0,0,0,No holiday,0,2013,6,4,1,Tuesday,23,2,0,0,0,0,462.0,293.0,444.0,715.0,481.0,183.4011995598717,456.07142857142856,140.40187610280245,459.43333333333334,144.11577800943368,93.41,94.65,93.14714285714287
2013-06-05,459.0,93.66,0,0,0,0,No holiday,0,2013,6,5,2,Wednesday,23,2,0,0,0,0,370.0,420.0,455.0,416.0,492.0,172.21401414131944,450.7857142857143,142.27177598440989,447.93333333333334,136.58745672034948,93.36,93.13,92.96285714285715
2013-06-06,280.0,94.71,0,0,0,0,No holiday,0,2013,6,6,3,Thursday,23,2,0,0,0,0,459.0,271.0,372.0,351.0,497.57142857142856,170.11452724841666,451.07142857142856,142.2849061056526,449.3666666666667,136.46636148183904,93.66,93.57,93.03857142857143
2013-06-07,466.0,96.11,0,0,0,0,No holiday,0,2013,6,7,4,Friday,23,2,0,0,0,0,280.0,488.0,532.0,418.0,498.85714285714283,168.13925634369102,444.5,148.21852370480093,447.0,138.82636140405634,94.71,91.93,93.20142857142856
2013-06-08,904.0,96.01333333333334,0,0,0,0,No holiday,0,2013,6,8,5,Saturday,23,2,1,0,0,0,466.0,777.0,392.0,323.0,495.7142857142857,168.58105299401632,439.7857142857143,146.25803255859813,448.6,138.75719304126062,96.11,92.42333333333333,93.79857142857142
2013-06-09,794.0,95.91666666666666,0,0,0,0,No holiday,0,2013,6,9,6,Sunday,23,2,1,0,0,0,904.0,656.0,532.0,318.0,513.8571428571429,206.47391164618384,476.35714285714283,190.6618461057153,467.96666666666664,159.60241190238156,96.01333333333334,92.91666666666667,94.31142857142856
2013-06-10,511.0,95.82,0,0,0,0,No holiday,0,2013,6,10,0,Monday,24,2,0,0,0,0,794.0,462.0,291.0,666.0,533.5714285714286,227.79512516210488,495.07142857142856,208.56154387234838,483.8333333333333,167.63776287051158,95.91666666666666,93.41,94.74000000000001
2013-06-11,305.0,95.5,0,0,0,0,No holiday,0,2013,6,11,1,Tuesday,24,2,0,0,0,0,511.0,370.0,293.0,548.0,540.5714285714286,225.97481949902965,510.7857142857143,200.12003266171882,478.6666666666667,164.18268490613892,95.82,93.36,95.0842857142857
2013-06-12,475.0,95.98,0,0,0,0,No holiday,0,2013,6,12,2,Wednesday,24,2,0,0,0,0,305.0,459.0,420.0,331.0,531.2857142857143,235.29535643931592,511.64285714285717,199.13876381244108,470.56666666666666,166.6202958480921,95.5,93.66,95.39
2013-06-13,406.0,96.66,0,0,0,0,No holiday,0,2013,6,13,3,Thursday,24,2,0,0,0,0,475.0,280.0,271.0,409.0,533.5714285714286,234.55266440812895,515.5714285714286,197.72930769331862,475.3666666666667,164.52197910673027,95.98,94.71,95.72142857142856
2013-06-14,470.0,97.83,0,0,0,0,No holiday,0,2013,6,14,4,Friday,24,2,0,0,0,0,406.0,466.0,488.0,471.0,551.5714285714286,215.9466424396369,525.2142857142857,187.93377662252297,475.26666666666665,164.5646154058586,96.66,96.11,96.0
2013-06-15,747.0,97.84,0,0,0,0,No holiday,0,2013,6,15,5,Saturday,24,2,1,0,0,0,470.0,904.0,777.0,252.0,552.1428571428571,215.68760478326718,523.9285714285714,188.26922796304805,475.23333333333335,164.56561071464793,97.83,96.01333333333334,96.24571428571429
2013-06-16,481.0,97.85,0,0,0,0,No holiday,0,2013,6,16,6,Sunday,24,2,1,0,0,0,747.0,794.0,656.0,423.0,529.7142857142857,177.8442336106836,521.7857142857143,185.31477527187596,491.73333333333335,166.21857926222927,97.84,95.91666666666666,96.50666666666667
2013-06-17,424.0,97.86,0,0,0,0,No holiday,0,2013,6,17,0,Monday,25,2,0,0,0,0,481.0,511.0,462.0,600.0,485.0,134.35152895792902,509.2857142857143,181.4265812818076,493.6666666666667,165.728139107256,97.85,95.82,96.78285714285713
2013-06-18,560.0,98.46,0,0,0,0,No holiday,0,2013,6,18,1,Tuesday,25,2,0,0,0,0,424.0,305.0,370.0,758.0,472.57142857142856,135.56407727572574,506.57142857142856,182.4696873817313,487.8,164.94751516352304,97.86,95.5,97.07428571428571
2013-06-19,361.0,98.24,0,0,0,0,No holiday,0,2013,6,19,2,Wednesday,25,2,0,0,0,0,560.0,475.0,459.0,399.0,509.0,115.85910984179569,520.1428571428571,178.55439039595268,481.2,157.55905296876398,98.46,95.98,97.49714285714286
2013-06-20,335.0,94.89,0,0,0,0,No holiday,0,2013,6,20,3,Thursday,25,2,0,0,0,0,361.0,406.0,280.0,444.0,492.7142857142857,128.73191042591066,513.1428571428571,183.00141115170788,479.93333333333334,158.39321069857218,98.24,96.66,97.82000000000001
2013-06-21,473.0,93.81,0,0,0,0,No holiday,0,2013,6,21,4,Friday,25,2,0,0,0,0,335.0,470.0,466.0,455.0,482.57142857142856,139.0837363399676,517.0714285714286,178.13714003357248,476.3,160.48227961044643,94.89,97.83,97.56714285714285
2013-06-22,502.0,94.23,0,0,0,0,No holiday,0,2013,6,22,5,Saturday,25,2,1,0,0,0,473.0,747.0,904.0,372.0,483.0,139.04315876734069,517.5714285714286,177.99252978521488,476.9,160.43353979032926,93.81,97.84,96.99285714285713
2013-06-23,770.0,94.64999999999999,1,0,0,1,Cantonizacion de Guaranda,1,2013,6,23,6,Sunday,25,2,1,0,0,0,502.0,481.0,794.0,532.0,448.0,79.67433714816747,488.85714285714283,139.01569205439563,481.23333333333335,159.25379513332734,94.23,97.85,96.47714285714285
2013-06-24,484.0,95.07,0,0,0,0,No holiday,0,2013,6,24,0,Monday,26,2,0,0,0,0,770.0,424.0,511.0,392.0,489.2857142857143,146.4874446106947,487.14285714285717,135.0548931946714,489.1666666666667,167.58036329152503,94.64999999999999,97.86,96.02
2013-06-25,345.0,95.25,3,0,1,1,Cantonizacion de Latacunga | Fundacion de Machala | Provincializacion de Imbabura,1,2013,6,25,1,Tuesday,26,2,0,0,0,0,484.0,560.0,305.0,532.0,497.85714285714283,143.76071388645366,485.2142857142857,134.88067579641134,492.23333333333335,166.57972789966493,95.07,98.46,95.62142857142858
2013-06-26,555.0,95.47,0,0,0,0,No holiday,0,2013,6,26,2,Wednesday,26,2,0,0,0,0,345.0,361.0,475.0,291.0,467.14285714285717,151.05344371163056,488.07142857142856,131.141417670282,486.0,168.52770160094312,95.25,98.24,95.16285714285713
2013-06-27,352.0,97.0,0,0,0,0,No holiday,0,2013,6,27,3,Thursday,26,2,0,0,0,0,555.0,335.0,406.0,293.0,494.85714285714283,146.04728523258981,493.7857142857143,132.2661527558547,494.8,164.8467208630803,95.47,94.89,94.76714285714286
2013-06-28,374.0,96.36,0,0,0,0,No holiday,0,2013,6,28,4,Friday,26,2,0,0,0,0,352.0,473.0,470.0,420.0,497.2857142857143,143.05676528999956,489.92857142857144,135.76419845606392,496.76666666666665,162.69406095879572,97.0,93.81,95.06857142857143
2013-06-29,489.0,96.88666666666667,0,0,0,0,No holiday,0,2013,6,29,5,Saturday,26,2,1,0,0,0,374.0,502.0,747.0,271.0,483.14285714285717,150.5550049776142,483.07142857142856,139.22834828810147,495.23333333333335,163.65642803379762,96.36,94.23,95.43285714285715
2013-06-30,669.0,97.41333333333333,0,0,0,0,No holiday,0,2013,6,30,6,Sunday,26,2,1,0,1,0,489.0,770.0,481.0,488.0,481.2857142857143,150.36368609221444,464.64285714285717,116.88956467397007,502.5,158.10226938980622,96.88666666666667,94.64999999999999,95.81238095238096
2013-07-01,422.0,97.94,0,0,0,0,No holiday,0,2013,7,1,0,Monday,27,3,0,1,0,0,669.0,484.0,424.0,777.0,466.85714285714283,119.77677650728492,478.07142857142856,129.076878872014,508.53333333333336,160.95763703391086,97.41333333333333,95.07,96.20714285714287
2013-07-02,421.0,99.65,0,0,0,0,No holiday,0,2013,7,2,1,Tuesday,27,3,0,0,0,0,422.0,345.0,560.0,656.0,458.0,120.58745097784103,477.92857142857144,129.14241648762678,496.7,153.41248207095921,97.94,95.25,96.61714285714285
2013-07-03,510.0,101.92,2,0,0,1,Cantonizacion de El Carmen | Fundacion de Santo Domingo,1,2013,7,3,2,Wednesday,27,3,0,0,0,0,421.0,555.0,361.0,462.0,468.85714285714283,111.82043428555185,468.0,127.68229803214358,488.8666666666667,150.9783572828108,99.65,95.47,97.24571428571429
2013-07-04,463.0,102.505,0,0,0,0,No holiday,0,2013,7,4,3,Thursday,27,3,0,0,0,0,510.0,352.0,335.0,370.0,462.42857142857144,107.24249335479041,478.64285714285717,124.24083754662004,490.46666666666664,150.9381543440279,101.92,97.0,98.16714285714285
2013-07-05,439.0,103.09,0,0,0,0,No holiday,0,2013,7,5,4,Friday,27,3,0,0,0,0,463.0,374.0,473.0,459.0,478.2857142857143,95.78746314230271,487.7857142857143,117.37722133323831,493.56666666666666,149.32507545927947,102.505,96.36,98.95357142857142
2013-07-06,590.0,103.07000000000001,0,0,0,0,No holiday,0,2013,7,6,5,Saturday,27,3,1,0,0,0,439.0,489.0,502.0,280.0,487.57142857142856,86.71381501401972,485.35714285714283,118.05644487203611,492.9,149.52922675909343,103.09,96.88666666666667,99.915
2013-07-07,665.0,103.05,0,0,0,0,No holiday,0,2013,7,7,6,Sunday,27,3,1,0,0,0,590.0,669.0,770.0,466.0,502.0,94.99824559783514,491.64285714285717,121.30863825089146,503.23333333333335,144.95057025100633,103.07000000000001,97.41333333333333,100.79833333333332
2013-07-08,265.0,103.03,0,0,0,0,No holiday,0,2013,7,8,0,Monday,28,3,0,0,0,0,665.0,422.0,484.0,904.0,501.42857142857144,93.83115534983915,484.14285714285717,104.91304615131132,509.8666666666667,147.71494760898912,103.05,97.94,101.60357142857143
2013-07-09,393.0,103.46,0,0,0,0,No holiday,0,2013,7,9,1,Tuesday,28,3,0,0,0,0,265.0,421.0,345.0,794.0,479.0,128.3835399626184,468.5,120.1555082126744,488.56666666666666,134.3925499098233,103.03,99.65,102.3307142857143
2013-07-10,550.0,106.41,0,0,0,0,No holiday,0,2013,7,10,2,Wednesday,28,3,0,0,0,0,393.0,510.0,555.0,511.0,475.0,130.90327217707954,471.92857142857144,117.00392122667299,475.2,122.37066360179963,103.46,101.92,102.875
2013-07-11,262.0,104.77,0,0,0,0,No holiday,0,2013,7,11,3,Thursday,28,3,0,0,0,0,550.0,463.0,352.0,305.0,480.7142857142857,133.532410904262,471.57142857142856,116.73817797876627,476.5,122.96978883253082,106.41,102.505,103.51642857142858
2013-07-12,397.0,105.85,0,0,0,0,No holiday,0,2013,7,12,4,Friday,28,3,0,0,0,0,262.0,439.0,374.0,475.0,452.0,157.4462871373384,465.14285714285717,125.94434493846053,475.06666666666666,125.26686914642318,104.77,103.09,103.84
2013-07-13,466.0,105.96666666666667,0,0,0,0,No holiday,0,2013,7,13,5,Saturday,28,3,1,0,0,0,397.0,590.0,489.0,406.0,446.0,158.81855475143072,466.7857142857143,124.80888687011895,472.46666666666664,126.0751645901633,105.85,103.07000000000001,104.23428571428572
2013-07-14,449.0,106.08333333333333,0,0,0,0,No holiday,0,2013,7,14,6,Sunday,28,3,1,0,0,0,466.0,665.0,669.0,470.0,428.2857142857143,146.51929825761727,465.14285714285717,124.64525486531554,474.46666666666664,125.4588085535573,105.96666666666667,103.05,104.64809523809524
2013-07-15,484.0,106.2,0,0,0,0,No holiday,0,2013,7,15,0,Monday,29,3,0,0,0,0,449.0,265.0,422.0,747.0,397.42857142857144,105.30726018475106,449.42857142857144,109.9718245633948,473.76666666666665,125.54314640471372,106.08333333333333,103.03,105.08142857142856
2013-07-16,443.0,105.88,0,0,0,0,No holiday,0,2013,7,16,1,Tuesday,29,3,0,0,0,0,484.0,393.0,421.0,481.0,428.7142857142857,90.96100682108022,453.85714285714283,110.03066505637028,465.0,114.50252218273135,106.2,103.46,105.53428571428572
2013-07-17,469.0,106.39,0,0,0,0,No holiday,0,2013,7,17,2,Wednesday,29,3,0,0,0,0,443.0,550.0,510.0,424.0,435.85714285714283,89.64267691122,455.42857142857144,109.68185761606057,463.73333333333335,114.52960265825365,105.88,106.41,105.88
2013-07-18,292.0,107.94,0,0,0,0,No holiday,0,2013,7,18,3,Thursday,29,3,0,0,0,0,469.0,262.0,463.0,560.0,424.2857142857143,76.75440114571889,452.5,108.65524165203182,465.23333333333335,114.28569263136079,106.39,104.77,105.87714285714286
2013-07-19,278.0,108.0,0,0,0,0,No holiday,0,2013,7,19,4,Friday,29,3,0,0,0,0,292.0,397.0,439.0,361.0,428.57142857142856,66.30951953492215,440.2857142857143,116.69778758131409,456.3,117.06324550547819,107.94,105.85,106.33
2013-07-20,605.0,107.53666666666666,0,0,0,0,No holiday,0,2013,7,20,5,Saturday,29,3,1,0,0,0,278.0,466.0,590.0,335.0,411.57142857142856,87.5915847229946,428.7857142857143,124.50590259188375,453.53333333333336,120.32849673471692,108.0,105.96666666666667,106.63714285714285
2013-07-21,817.0,107.07333333333334,0,0,0,0,No holiday,0,2013,7,21,6,Sunday,29,3,1,0,0,0,605.0,449.0,665.0,473.0,431.42857142857144,113.8168955572307,429.85714285714283,126.05484590377333,462.53333333333336,121.2508751005273,107.53666666666666,106.08333333333333,106.86142857142859
2013-07-22,295.0,106.61,0,0,0,0,No holiday,0,2013,7,22,0,Monday,30,3,0,0,0,0,817.0,484.0,265.0,502.0,484.0,185.62327440275342,440.7142857142857,151.78549062685485,474.0,137.45770509380387,107.07333333333334,106.2,107.00285714285714
2013-07-23,470.0,107.13,1,0,0,1,Cantonizacion de Cayambe,1,2013,7,23,1,Tuesday,30,3,0,0,0,0,295.0,443.0,393.0,770.0,457.0,198.8944443668547,442.85714285714283,149.30549845244062,467.1,141.14955384883132,106.61,105.88,107.06142857142856
2013-07-24,431.0,105.41,1,0,0,1,Fundacion de Guayaquil-1,1,2013,7,24,2,Wednesday,30,3,0,0,0,0,470.0,469.0,550.0,484.0,460.85714285714283,198.83949018528168,448.35714285714283,148.74480321515898,457.1,129.05928870096872,107.13,106.39,107.24
2013-07-25,282.0,105.47,1,0,0,1,Fundacion de Guayaquil,1,2013,7,25,3,Thursday,30,3,0,0,0,0,431.0,292.0,262.0,345.0,455.42857142857144,199.09868335648426,439.85714285714283,145.86181930056338,455.3333333333333,129.0411143605103,105.41,107.94,107.1
2013-07-26,596.0,104.76,0,0,0,0,No holiday,0,2013,7,26,4,Friday,30,3,0,0,0,0,282.0,278.0,397.0,555.0,454.0,200.49771403518096,441.2857142857143,144.07286007777068,453.23333333333335,131.38983410350713,105.47,108.0,106.74714285714286
2013-07-27,548.0,104.71000000000001,0,0,0,0,No holiday,0,2013,7,27,5,Saturday,30,3,1,0,0,0,596.0,605.0,466.0,352.0,499.42857142857144,189.70930142620566,455.5,149.09663876931495,454.6,132.6916570929347,104.76,107.53666666666666,106.28428571428572
2013-07-28,700.0,104.66,0,0,0,0,No holiday,0,2013,7,28,6,Sunday,30,3,1,0,0,0,548.0,817.0,449.0,374.0,491.2857142857143,185.60146756398416,461.35714285714283,151.13753651907535,461.1333333333333,132.29036332962824,104.71000000000001,107.07333333333334,105.88047619047619
2013-07-29,414.0,104.61,0,0,0,0,No holiday,0,2013,7,29,0,Monday,31,3,0,0,0,0,700.0,295.0,484.0,489.0,474.57142857142856,153.9500537434753,479.2857142857143,163.9068349686811,472.0,138.1458499632506,104.66,106.61,105.53571428571429
2013-07-30,353.0,103.14,0,0,0,0,No holiday,0,2013,7,30,1,Tuesday,31,3,0,0,0,0,414.0,470.0,443.0,669.0,491.57142857142856,136.38408648965958,474.2857142857143,164.81711476263993,469.5,138.50575738064535,104.61,107.13,105.25
2013-07-31,570.0,105.1,0,0,0,0,No holiday,0,2013,7,31,2,Wednesday,31,3,0,0,1,0,353.0,431.0,469.0,422.0,474.85714285714283,146.27876192556485,467.85714285714283,167.85839139119454,458.96666666666664,134.77631106017296,103.14,105.41,104.67999999999999
2013-08-01,462.0,107.93,0,0,0,0,No holiday,0,2013,8,1,3,Thursday,31,3,0,1,0,0,570.0,282.0,292.0,421.0,494.7142857142857,148.7466686301624,475.07142857142856,170.06716514171853,463.9,136.07891979947922,105.1,105.47,104.63571428571429
2013-08-02,464.0,106.94,0,0,0,0,No holiday,0,2013,8,2,4,Friday,31,3,0,0,0,0,462.0,596.0,278.0,510.0,520.4285714285714,118.28476535161087,487.2142857142857,161.8613740075263,465.26666666666665,135.83888360425584,107.93,104.76,104.98714285714287
2013-08-03,657.0,106.83,0,0,0,0,No holiday,0,2013,8,3,5,Saturday,31,3,1,0,0,0,464.0,548.0,605.0,463.0,501.57142857142856,114.69649390581048,500.5,150.6104246060011,463.73333333333335,135.57589383259008,106.94,104.71000000000001,105.29857142857144
2013-08-04,681.0,106.72,0,0,0,0,No holiday,0,2013,8,4,6,Sunday,31,3,1,0,0,0,657.0,700.0,817.0,439.0,517.1428571428571,128.60589485119303,504.2142857142857,153.98909979976764,470.2,140.09120182076458,106.83,104.66,105.60142857142857
2013-08-05,461.0,106.61,1,0,0,1,Fundacion de Esmeraldas,1,2013,8,5,0,Monday,32,3,0,0,0,0,681.0,414.0,295.0,590.0,514.4285714285714,124.22943443867199,494.5,135.97553512983902,478.26666666666665,145.11016821553275,106.72,104.61,105.89571428571428
2013-08-06,328.0,105.32,0,0,0,0,No holiday,0,2013,8,6,1,Tuesday,32,3,0,0,0,0,461.0,353.0,470.0,665.0,521.1428571428571,119.05940894000267,506.35714285714283,123.94639482941298,473.96666666666664,143.58836840158702,106.61,103.14,106.18142857142857
2013-08-07,403.0,104.41,0,0,0,0,No holiday,0,2013,8,7,2,Wednesday,32,3,0,0,0,0,328.0,570.0,431.0,265.0,517.5714285714286,125.16237073345557,496.2142857142857,132.6546578215713,462.73333333333335,141.29180695512275,105.32,105.1,106.49285714285715
2013-08-08,360.0,103.45,0,0,0,0,No holiday,0,2013,8,8,3,Thursday,32,3,0,0,0,0,403.0,462.0,282.0,393.0,493.7142857142857,129.34928718488558,494.2142857142857,133.9185622633444,467.3333333333333,136.8075248316945,104.41,107.93,106.39428571428572
2013-08-09,347.0,106.04,0,0,0,0,No holiday,0,2013,8,9,4,Friday,32,3,0,0,0,0,360.0,464.0,596.0,550.0,479.14285714285717,138.9093572219288,499.7857142857143,125.7862525027328,466.23333333333335,137.55642938215505,103.45,106.94,105.75428571428571
2013-08-10,570.0,106.09,1,1,0,0,Primer Grito de Independencia,1,2013,8,10,5,Saturday,32,3,1,0,0,0,347.0,657.0,548.0,262.0,462.42857142857144,147.79023100649198,482.0,128.7053880887542,459.46666666666664,138.28474704163077,106.04,106.83,105.62571428571428
2013-08-11,662.0,106.14,0,0,0,0,No holiday,0,2013,8,11,6,Sunday,32,3,1,0,0,0,570.0,681.0,700.0,397.0,450.0,131.4559495293634,483.57142857142856,129.70363513422777,469.73333333333335,134.5003354266637,106.09,106.72,105.52
2013-08-12,423.0,106.19,0,0,0,0,No holiday,0,2013,8,12,0,Monday,33,3,0,0,0,0,662.0,461.0,414.0,466.0,447.2857142857143,125.97316418681389,480.85714285714283,125.14352200134456,478.56666666666666,138.2096566648014,106.14,106.61,105.43714285714286
2013-08-13,405.0,106.78,0,0,0,0,No holiday,0,2013,8,13,1,Tuesday,33,3,0,0,0,0,423.0,328.0,353.0,449.0,441.85714285714283,126.10237715368174,481.5,124.79629555645992,477.1333333333333,138.56698450714111,106.19,105.32,105.37714285714286
2013-08-14,454.0,106.89,0,0,0,0,No holiday,0,2013,8,14,2,Wednesday,33,3,0,0,0,0,405.0,403.0,570.0,484.0,452.85714285714283,117.58603739592583,485.2142857142857,121.4053468417193,475.6666666666667,139.10683895365514,106.78,104.41,105.58571428571429
2013-08-15,339.0,107.43,1,0,0,1,Fundacion de Riobamba,1,2013,8,15,3,Thursday,33,3,0,0,0,0,454.0,360.0,462.0,443.0,460.14285714285717,115.54426074226306,476.92857142857144,119.11046216769586,474.6666666666667,139.152690467586,106.89,103.45,105.94000000000001
2013-08-16,469.0,107.58,0,0,0,0,No holiday,0,2013,8,16,4,Friday,33,3,0,0,0,0,339.0,347.0,464.0,469.0,457.14285714285717,118.80436099098414,468.14285714285717,124.7014015977345,471.2,141.24847268017712,107.43,106.04,106.50857142857141
2013-08-17,495.0,107.43333333333334,0,0,0,0,No holiday,0,2013,8,17,5,Saturday,33,3,1,0,0,0,469.0,570.0,657.0,292.0,474.57142857142856,108.45099837078008,468.5,124.69578365581717,471.2,141.24847268017712,107.58,106.09,106.72857142857143
2013-08-18,681.0,107.28666666666666,0,0,0,0,No holiday,0,2013,8,18,6,Sunday,33,3,1,0,0,0,495.0,662.0,681.0,278.0,463.85714285714283,100.89339022193711,456.92857142857144,112.80784498477833,477.96666666666664,137.1712957138485,107.43333333333334,106.14,106.92047619047618
2013-08-19,376.0,107.14,0,0,0,0,No holiday,0,2013,8,19,0,Monday,34,3,0,0,0,0,681.0,423.0,461.0,605.0,466.57142857142856,107.17253557209641,456.92857142857144,112.80784498477833,491.4,136.64517352718988,107.28666666666666,106.19,107.08428571428571
2013-08-20,338.0,104.9,0,0,0,0,No holiday,0,2013,8,20,1,Tuesday,34,3,0,0,0,0,376.0,405.0,328.0,817.0,459.85714285714283,111.73246107171693,450.85714285714283,114.8409315550838,483.76666666666665,136.4765189689605,107.14,106.78,107.22000000000001
2013-08-21,330.0,103.93,0,0,0,0,No holiday,0,2013,8,21,2,Wednesday,34,3,0,0,0,0,338.0,454.0,403.0,295.0,450.2857142857143,119.79387058013987,451.57142857142856,114.04635648968059,467.8,123.5543716694018,104.9,106.89,106.95142857142856
2013-08-22,358.0,104.93,0,0,0,0,No holiday,0,2013,8,22,3,Thursday,34,3,0,0,0,0,330.0,339.0,360.0,470.0,432.57142857142856,128.0375688913957,446.35714285714283,118.0368958894153,468.96666666666664,122.02218094952306,103.93,107.43,106.52857142857144
2013-08-23,347.0,106.48,0,0,0,0,No holiday,0,2013,8,23,4,Friday,34,3,0,0,0,0,358.0,469.0,347.0,431.0,435.2857142857143,125.9069951534516,446.2142857142857,118.15060699829607,465.23333333333335,123.69140781726142,104.93,107.58,106.17142857142858
2013-08-24,644.0,106.28,1,0,0,1,Fundacion de Ambato,1,2013,8,24,5,Saturday,34,3,1,0,0,0,347.0,495.0,570.0,282.0,417.85714285714283,128.87129053365362,446.2142857142857,118.15060699829607,462.43333333333334,125.4315813868078,106.48,107.43333333333334,106.01428571428572
2013-08-25,813.0,106.08,0,0,0,0,No holiday,0,2013,8,25,6,Sunday,34,3,1,0,0,0,644.0,681.0,662.0,596.0,439.14285714285717,153.6580929330095,451.5,125.53868542589339,474.5,124.88636213884944,106.28,107.28666666666666,105.84952380952382
2013-08-26,636.0,105.88,0,0,0,0,No holiday,0,2013,8,26,0,Monday,35,3,0,0,0,0,813.0,376.0,423.0,548.0,458.0,191.68115887240077,462.2857142857143,149.2604479380965,481.73333333333335,137.78442265523617,106.08,107.14,105.67714285714285
2013-08-27,386.0,109.11,0,0,0,0,No holiday,0,2013,8,27,1,Tuesday,35,3,0,0,0,0,636.0,338.0,405.0,700.0,495.14285714285717,198.222458003988,477.5,155.66618623985573,484.6666666666667,140.16008909355264,105.88,104.9,105.49714285714286
2013-08-28,613.0,110.17,0,0,0,0,No holiday,0,2013,8,28,2,Wednesday,35,3,0,0,0,0,386.0,330.0,454.0,414.0,502.0,192.6317730801436,476.14285714285717,156.42784384395972,474.2,135.16028798532446,109.11,103.93,106.09857142857143
2013-08-29,432.0,108.51,0,0,0,0,No holiday,0,2013,8,29,3,Thursday,35,3,0,0,0,0,613.0,358.0,339.0,353.0,542.4285714285714,179.7858514481948,487.5,160.417604059865,480.8333333333333,136.97497464194288,110.17,104.93,106.99
2013-08-30,410.0,107.98,0,0,0,0,No holiday,0,2013,8,30,4,Friday,35,3,0,0,0,0,432.0,347.0,469.0,570.0,553.0,168.98520645310938,494.14285714285717,155.6499312524777,483.46666666666664,135.18027129402577,108.51,106.48,107.50142857142858
2013-08-31,493.0,108.1525,0,0,0,0,No holiday,0,2013,8,31,5,Saturday,35,3,1,0,1,0,410.0,644.0,495.0,462.0,562.0,157.4706321826391,489.92857142857144,157.17431003908897,478.1333333333333,134.80425996884188,107.98,106.28,107.71571428571428
2013-09-01,711.0,108.325,0,0,0,0,No holiday,0,2013,9,1,6,Sunday,35,3,1,1,0,0,493.0,813.0,681.0,464.0,540.4285714285714,154.68339400514964,489.7857142857143,157.17025485437418,479.1666666666667,134.79514043561605,108.1525,106.08,107.9832142857143
2013-09-02,583.0,108.4975,0,0,0,0,No holiday,0,2013,9,2,0,Monday,36,3,0,0,0,0,711.0,636.0,376.0,657.0,525.8571428571429,127.0661619937011,491.92857142857144,160.15399526019362,487.4,141.22679241755688,108.325,105.88,108.30392857142856
2013-09-03,345.0,108.67,0,0,0,0,No holiday,0,2013,9,3,1,Tuesday,36,3,0,0,0,0,583.0,386.0,338.0,681.0,518.2857142857143,120.83558290188387,506.7142857142857,158.17100219087527,484.93333333333334,138.78759095214107,108.4975,109.11,108.67785714285715
2013-09-04,670.0,107.29,0,0,0,0,No holiday,0,2013,9,4,2,Wednesday,36,3,0,0,0,0,345.0,613.0,330.0,461.0,512.4285714285714,129.0321111750314,507.2142857142857,157.60670552477634,473.73333333333335,135.94799546615005,108.67,110.17,108.615
2013-09-05,331.0,108.5,0,0,0,0,No holiday,0,2013,9,5,3,Thursday,36,3,0,0,0,0,670.0,432.0,358.0,328.0,520.5714285714286,137.92855293334182,531.5,154.36109015501967,480.7,140.5501873795043,107.29,108.51,108.20357142857144
2013-09-06,415.0,110.62,0,0,0,0,No holiday,0,2013,9,6,4,Friday,36,3,0,0,0,0,331.0,410.0,347.0,403.0,506.14285714285717,153.1779233129766,529.5714285714286,156.8442217300652,480.8,140.43881966523892,108.5,107.98,108.20214285714287
2013-09-07,791.0,110.28666666666668,0,0,0,0,No holiday,0,2013,9,7,5,Saturday,36,3,1,0,0,0,415.0,493.0,644.0,360.0,506.85714285714283,152.66567893213414,534.4285714285714,151.72480872427406,481.2,140.22651625876236,110.62,108.1525,108.57928571428572
2013-09-08,786.0,109.95333333333333,0,0,0,0,No holiday,0,2013,9,8,6,Sunday,36,3,1,0,0,0,791.0,711.0,813.0,347.0,549.4285714285714,186.05541929118604,544.9285714285714,164.4442689254252,495.56666666666666,149.17420580703921,110.28666666666668,108.325,108.88416666666667
2013-09-09,541.0,109.62,0,0,0,0,No holiday,0,2013,9,9,0,Monday,37,3,0,0,0,0,786.0,583.0,636.0,570.0,560.1428571428571,198.6440942753552,543.0,161.18455738209386,510.2,155.49595847946736,109.95333333333333,108.4975,109.11678571428573
2013-09-10,342.0,107.48,0,0,0,0,No holiday,0,2013,9,10,1,Tuesday,37,3,0,0,0,0,541.0,345.0,386.0,662.0,554.1428571428571,198.4728600853935,536.2142857142857,158.95242566998968,509.23333333333335,155.20124495886486,109.62,108.67,109.27714285714286
2013-09-11,435.0,107.65,0,0,0,0,No holiday,0,2013,9,11,2,Wednesday,37,3,0,0,0,0,342.0,670.0,613.0,423.0,553.7142857142857,199.00227325813333,533.0714285714286,162.5453613779688,498.56666666666666,155.33627223306326,107.48,107.29,109.10714285714286
2013-09-12,621.0,108.72,0,0,0,0,No holiday,0,2013,9,12,3,Thursday,37,3,0,0,0,0,435.0,331.0,432.0,405.0,520.1428571428571,195.91361069905994,520.3571428571429,162.77384364763316,498.96666666666664,155.15031273004206,107.65,108.5,109.15857142857143
2013-09-13,323.0,108.31,0,0,0,0,No holiday,0,2013,9,13,4,Friday,37,3,0,0,0,0,621.0,415.0,410.0,454.0,561.5714285714286,179.19994153910613,533.8571428571429,162.71960646974995,506.1666666666667,155.65037818741408,108.72,110.62,109.18999999999998
2013-09-14,632.0,107.72,0,0,0,0,No holiday,0,2013,9,14,5,Saturday,37,3,1,0,0,0,323.0,791.0,493.0,339.0,548.4285714285714,194.46495583425576,527.6428571428571,169.34017068195413,501.8,158.96657640457968,108.31,110.28666666666668,108.86
2013-09-15,710.0,107.13000000000001,0,0,0,0,No holiday,0,2013,9,15,6,Sunday,37,3,1,0,0,0,632.0,786.0,711.0,469.0,525.7142857142857,169.03225953025867,537.5714285714286,171.217232366782,511.56666666666666,157.61447582156185,107.72,109.95333333333333,108.49333333333334
2013-09-16,524.0,106.54,0,0,0,0,No holiday,0,2013,9,16,0,Monday,38,3,0,0,0,0,710.0,541.0,583.0,495.0,514.8571428571429,151.00709538674934,537.5,171.13950674590228,519.6,161.46476075452873,107.13000000000001,109.62,108.09
2013-09-17,314.0,105.36,0,0,0,0,No holiday,0,2013,9,17,1,Tuesday,38,3,0,0,0,0,524.0,342.0,345.0,681.0,512.4285714285714,150.6528649388576,533.2857142857143,170.65864650340336,520.5666666666667,161.39920166732713,106.54,107.48,107.64999999999999
2013-09-18,414.0,108.23,0,0,0,0,No holiday,0,2013,9,18,2,Wednesday,38,3,0,0,0,0,314.0,435.0,670.0,376.0,508.42857142857144,156.20164013528256,531.0714285714286,173.46756038376301,508.3333333333333,162.72280922992363,105.36,107.65,107.34714285714286
2013-09-19,372.0,106.26,0,0,0,0,No holiday,0,2013,9,19,3,Thursday,38,3,0,0,0,0,414.0,621.0,331.0,338.0,505.42857142857144,158.0378194640521,512.7857142857143,171.17385609662753,509.6,161.80247643132756,108.23,108.72,107.42999999999999
2013-09-20,346.0,104.7,0,0,0,0,No holiday,0,2013,9,20,4,Friday,38,3,0,0,0,0,372.0,323.0,415.0,330.0,469.85714285714283,155.69460338691712,515.7142857142857,168.14848226466998,510.73333333333335,160.67421167956772,106.26,108.31,107.07857142857142
2013-09-21,726.0,104.34,0,0,0,0,No holiday,0,2013,9,21,5,Saturday,38,3,1,0,0,0,346.0,632.0,791.0,358.0,473.14285714285717,152.2841954717432,510.7857142857143,172.2878533025597,511.26666666666665,160.0790609265509,104.7,107.72,106.56285714285715
2013-09-22,866.0,103.98,0,0,0,0,No holiday,0,2013,9,22,6,Sunday,38,3,1,0,0,0,726.0,710.0,786.0,347.0,486.57142857142856,171.5525741989482,506.14285714285717,164.8719116549183,523.5333333333333,162.01739654002947,104.34,107.13000000000001,106.08
2013-09-23,516.0,103.62,0,0,0,0,No holiday,0,2013,9,23,0,Monday,39,3,0,0,0,0,866.0,524.0,541.0,644.0,508.85714285714283,211.00981696864912,511.85714285714283,176.30736148637033,540.8333333333334,170.02841209497953,103.98,106.54,105.63
2013-09-24,306.0,103.22,0,0,0,0,No holiday,0,2013,9,24,1,Tuesday,39,3,0,0,0,0,516.0,314.0,342.0,813.0,507.7142857142857,210.93578350271608,510.07142857142856,176.11598638210162,536.5666666666667,168.9528976052064,103.62,105.36,105.21285714285715
2013-09-25,486.0,102.68,0,0,0,0,No holiday,0,2013,9,25,2,Wednesday,39,3,0,0,0,0,306.0,414.0,435.0,636.0,506.57142857142856,212.17827185557664,507.5,178.99795873352627,519.6666666666666,165.67361626534486,103.22,108.23,104.90714285714286
2013-09-26,428.0,103.1,0,0,0,0,No holiday,0,2013,9,26,3,Thursday,39,3,0,0,0,0,486.0,372.0,621.0,386.0,516.8571428571429,208.65875536501252,511.14285714285717,177.92472788010312,514.6666666666666,164.299418290433,102.68,106.26,104.11428571428573
2013-09-27,370.0,102.86,0,0,0,0,No holiday,0,2013,9,27,4,Friday,39,3,0,0,0,0,428.0,346.0,323.0,613.0,524.8571428571429,203.18089523987277,497.35714285714283,176.22695469320092,516.0666666666667,163.3413884947788,103.1,104.7,103.66285714285713
2013-09-28,609.0,102.69333333333333,1,0,0,1,Fundacion de Ibarra,1,2013,9,28,5,Saturday,39,3,1,0,0,0,370.0,726.0,632.0,432.0,528.2857142857143,199.83469358923824,500.7142857142857,173.06931851425585,507.96666666666664,164.39051137424272,102.86,104.34,103.39999999999999
2013-09-29,764.0,102.52666666666667,0,0,0,0,No holiday,0,2013,9,29,6,Sunday,39,3,1,0,0,0,609.0,866.0,710.0,410.0,511.57142857142856,184.87460357663787,499.07142857142856,171.8319681395904,513.8666666666667,164.74593466457893,102.69333333333333,103.98,103.16476190476192
2013-09-30,416.0,102.36,0,0,0,0,No holiday,0,2013,9,30,0,Monday,40,3,0,0,1,0,764.0,516.0,524.0,493.0,497.0,153.6695589026443,502.92857142857144,177.4453173778914,525.6666666666666,169.6544832244668,102.52666666666667,103.62,102.95714285714287
2013-10-01,336.0,102.09,0,0,0,0,No holiday,0,2013,10,1,1,Tuesday,40,4,0,1,0,0,416.0,306.0,314.0,711.0,482.7142857142857,156.23562791044603,495.2142857142857,178.80121259760395,523.1,170.74468740157639,102.36,103.22,102.77714285714286
2013-10-02,407.0,104.15,0,0,0,0,No holiday,0,2013,10,2,2,Wednesday,40,4,0,0,0,0,336.0,486.0,414.0,583.0,487.0,150.90062955468383,496.7857142857143,177.17534928878888,510.6,170.2403169558884,102.09,102.68,102.61571428571429
2013-10-03,303.0,103.29,0,0,0,0,No holiday,0,2013,10,3,3,Thursday,40,4,0,0,0,0,407.0,428.0,372.0,345.0,475.7142857142857,153.91200330677484,496.2857142857143,177.4366316231183,504.73333333333335,170.6912787569363,104.15,103.1,102.82571428571428
2013-10-04,550.0,103.83,0,0,0,0,No holiday,0,2013,10,4,4,Friday,40,4,0,0,0,0,303.0,370.0,346.0,670.0,457.85714285714283,167.0602970700781,491.35714285714283,182.0526581230559,503.3333333333333,172.2120451819416,103.29,102.86,102.85285714285715
2013-10-05,678.0,103.57666666666667,0,0,0,0,No holiday,0,2013,10,5,5,Saturday,40,4,1,0,0,0,550.0,609.0,726.0,331.0,483.57142857142856,165.12506083052816,505.92857142857144,177.63379108791122,499.3333333333333,169.58088972793928,103.83,102.69333333333333,102.99142857142859
2013-10-06,719.0,103.32333333333332,0,0,0,0,No holiday,0,2013,10,6,6,Sunday,40,4,1,0,0,0,678.0,764.0,866.0,415.0,493.42857142857144,175.58839857543447,502.5,173.4738951764566,510.9,169.53737254556924,103.57666666666667,102.52666666666667,103.11761904761904
2013-10-07,515.0,103.07,1,0,0,1,Cantonizacion de Quevedo,1,2013,10,7,0,Monday,41,4,0,0,0,0,719.0,416.0,516.0,791.0,487.0,164.5053190629407,492.0,153.02287410710838,521.0333333333333,172.66401165135773,103.32333333333332,102.36,103.23142857142857
2013-10-08,346.0,103.54,0,0,0,0,No holiday,0,2013,10,8,1,Tuesday,41,4,0,0,0,0,515.0,336.0,306.0,786.0,501.14285714285717,161.61417901020565,491.92857142857144,153.01104248020485,511.8333333333333,164.9647994496742,103.07,102.09,103.33285714285714
2013-10-09,601.0,101.63,1,1,0,0,Independencia de Guayaquil,1,2013,10,9,2,Wednesday,41,4,0,0,0,0,346.0,407.0,486.0,541.0,502.57142857142856,159.94671731846304,494.7857142857143,149.60778392513188,497.1666666666667,159.20797141135708,103.54,104.15,103.53999999999999
2013-10-10,277.0,103.08,0,0,0,0,No holiday,0,2013,10,10,3,Thursday,41,4,0,0,0,0,601.0,303.0,428.0,342.0,530.2857142857143,157.41422456448487,503.0,152.22250920180056,499.1666666666667,160.151670210661,101.63,103.29,103.17999999999999
2013-10-11,221.0,102.17,1,1,0,0,Traslado Independencia de Guayaquil,1,2013,10,11,4,Friday,41,4,0,0,0,0,277.0,550.0,370.0,435.0,526.5714285714286,163.8463275377847,492.2142857142857,162.91912980722307,497.0,162.76956421420655,103.08,103.83,103.14999999999999
2013-10-12,558.0,102.26666666666667,0,0,0,0,No holiday,0,2013,10,12,5,Saturday,41,4,1,0,0,0,221.0,678.0,609.0,621.0,479.57142857142856,199.34714874882366,481.57142857142856,175.86914466146692,489.8666666666667,170.10437634162932,102.17,103.57666666666667,102.91285714285713
2013-10-13,485.0,102.36333333333333,0,0,0,0,No holiday,0,2013,10,13,6,Sunday,41,4,1,0,0,0,558.0,719.0,764.0,323.0,462.42857142857144,184.00892835481005,477.92857142857144,173.5393833756981,487.76666666666665,168.81364614993873,102.26666666666667,103.32333333333332,102.72571428571428
2013-10-14,276.0,102.46,0,0,0,0,No holiday,0,2013,10,14,0,Monday,42,4,0,0,0,0,485.0,515.0,416.0,632.0,429.0,147.20394016465679,458.0,152.9605278394495,493.1666666666667,165.92771241455233,102.36333333333333,103.07,102.58857142857143
2013-10-15,345.0,101.15,0,0,0,0,No holiday,0,2013,10,15,1,Tuesday,42,4,0,0,0,0,276.0,346.0,336.0,710.0,394.85714285714283,151.5843313928235,448.0,160.31699367671033,481.3,168.36846907693342,102.46,103.54,102.50142857142858
2013-10-16,396.0,102.34,0,0,0,0,No holiday,0,2013,10,16,2,Wednesday,42,4,0,0,0,0,345.0,601.0,407.0,524.0,394.7142857142857,151.63851125369803,448.64285714285717,159.8507030098622,469.1333333333333,164.41363592525062,101.15,101.63,102.16
2013-10-17,329.0,100.72,0,0,0,0,No holiday,0,2013,10,17,3,Thursday,42,4,0,0,0,0,396.0,277.0,303.0,314.0,365.42857142857144,122.07218785464123,447.85714285714283,160.0979782425829,464.8666666666667,164.60144829742276,102.34,103.08,102.26142857142857
2013-10-18,427.0,100.87,0,0,0,0,No holiday,0,2013,10,18,4,Friday,42,4,0,0,0,0,329.0,221.0,550.0,414.0,372.85714285714283,117.28232116198348,449.7142857142857,158.43048879625317,465.3666666666667,164.1495288329878,100.72,102.17,101.92428571428572
2013-10-19,737.0,100.34,0,0,0,0,No holiday,0,2013,10,19,5,Saturday,42,4,1,0,0,0,427.0,558.0,678.0,372.0,402.2857142857143,96.90152094732355,440.92857142857144,155.83051161967052,465.8,164.02636457552185,100.87,102.26666666666667,101.73857142857142
2013-10-20,904.0,99.81,0,0,0,0,No holiday,0,2013,10,20,6,Sunday,42,4,1,0,0,0,737.0,485.0,719.0,346.0,427.85714285714283,152.50620596271722,445.14285714285717,163.3513707615282,477.96666666666664,170.2477876373207,100.34,102.36333333333333,101.46333333333334
2013-10-21,394.0,99.28,0,0,0,0,No holiday,0,2013,10,21,0,Monday,43,4,0,0,0,0,904.0,276.0,515.0,726.0,487.7142857142857,237.31674634386434,458.35714285714283,192.15282665422518,496.56666666666666,185.16119414200134,99.81,102.46,101.09857142857143
2013-10-22,351.0,97.63,0,0,0,0,No holiday,0,2013,10,22,1,Tuesday,43,4,0,0,0,0,394.0,345.0,346.0,866.0,504.57142857142856,223.56420192184697,449.7142857142857,192.1303357985559,485.5,180.84681076954936,99.28,101.15,100.64428571428572
2013-10-23,310.0,96.9,0,0,0,0,No holiday,0,2013,10,23,2,Wednesday,43,4,0,0,0,0,351.0,396.0,601.0,516.0,505.42857142857144,222.86083635522945,450.07142857142856,191.92725556463142,468.3333333333333,167.42787089974874,97.63,102.34,100.14142857142858
2013-10-24,384.0,96.65,0,0,0,0,No holiday,0,2013,10,24,3,Thursday,43,4,0,0,0,0,310.0,329.0,277.0,306.0,493.14285714285717,232.07859916518834,429.2857142857143,190.07303396788862,461.46666666666664,169.61553550620712,96.9,100.72,99.36428571428573
2013-10-25,297.0,97.4,0,0,0,0,No holiday,0,2013,10,25,4,Friday,43,4,0,0,0,0,384.0,427.0,221.0,486.0,501.0,226.45823750381285,436.92857142857144,185.5766332628834,464.06666666666666,167.7376714896852,96.65,100.87,98.78285714285714
2013-10-26,531.0,97.84666666666666,0,0,0,0,No holiday,0,2013,10,26,5,Saturday,43,4,1,0,0,0,297.0,737.0,558.0,428.0,482.42857142857144,238.54619199284164,442.35714285714283,179.79587021134515,457.76666666666665,170.4134289943405,97.4,100.34,98.28714285714285
2013-10-27,801.0,98.29333333333334,0,0,0,0,No holiday,0,2013,10,27,6,Sunday,43,4,1,0,0,0,531.0,904.0,485.0,370.0,453.0,213.27447104611446,440.42857142857144,178.60085032346194,461.2,170.83010313738905,97.84666666666666,99.81,97.93095238095238
2013-10-28,297.0,98.74,0,0,0,0,No holiday,0,2013,10,28,0,Monday,44,4,0,0,0,0,801.0,394.0,276.0,609.0,438.2857142857143,177.53094968269053,463.0,202.97214663025133,475.56666666666666,180.73216673285907,98.29333333333334,99.28,97.71428571428574
2013-10-29,352.0,98.29,0,0,0,0,No holiday,0,2013,10,29,1,Tuesday,44,4,0,0,0,0,297.0,351.0,345.0,764.0,424.42857142857144,185.1844640197595,464.5,201.5565391187753,465.1666666666667,181.76302938324577,98.74,97.63,97.63714285714286
2013-10-30,497.0,96.81,0,0,0,0,No holiday,0,2013,10,30,2,Wednesday,44,4,0,0,0,0,352.0,310.0,396.0,416.0,424.57142857142856,185.11875210510757,465.0,201.24573574077561,451.43333333333334,173.7956952233307,98.29,96.9,97.73142857142857
2013-10-31,224.0,96.29,0,0,0,0,No holiday,0,2013,10,31,3,Thursday,44,4,0,0,1,0,497.0,384.0,329.0,336.0,451.2857142857143,179.22863823034723,472.2142857142857,200.39045677086298,454.1333333333333,173.85541621452688,96.81,96.65,97.71857142857142
2013-11-01,375.0,94.56,0,0,0,0,No holiday,0,2013,11,1,4,Friday,44,4,0,1,0,0,224.0,297.0,427.0,407.0,428.42857142857144,198.41526918969453,464.7142857142857,207.9838856817918,450.4,177.64097849702148,96.29,97.4,97.66714285714286
2013-11-02,549.0,94.56666666666666,1,1,0,0,Dia de Difuntos,1,2013,11,2,5,Saturday,44,4,1,0,0,0,375.0,531.0,737.0,303.0,439.57142857142856,191.88699551459695,461.0,209.17015524723834,449.3333333333333,178.00626361186679,94.56,97.84666666666666,97.26142857142857
2013-11-03,860.0,94.57333333333334,1,1,0,0,Independencia de Cuenca,1,2013,11,3,6,Sunday,44,4,1,0,0,0,549.0,801.0,904.0,550.0,442.14285714285717,193.43080465757282,447.57142857142856,195.6884157122132,457.53333333333336,176.6941119432174,94.56666666666666,98.29333333333334,96.79285714285716
2013-11-04,406.0,94.58,0,0,0,0,No holiday,0,2013,11,4,0,Monday,45,4,0,0,0,0,860.0,297.0,394.0,678.0,450.57142857142856,212.06198554735272,444.42857142857144,187.99620056950977,467.8666666666667,190.7905031492762,94.57333333333334,98.74,96.26142857142857
2013-11-05,475.0,93.4,0,0,0,0,No holiday,0,2013,11,5,1,Tuesday,45,4,0,0,0,0,406.0,352.0,351.0,719.0,466.14285714285717,202.7012815050992,445.2857142857143,187.77581910820723,458.8,186.88322003602792,94.58,98.29,95.66714285714285
2013-11-06,295.0,94.74,1,0,1,0,Provincializacion de Santo Domingo,1,2013,11,6,2,Wednesday,45,4,0,0,0,0,475.0,497.0,310.0,515.0,483.7142857142857,196.39052445379858,454.14285714285717,185.90148637749664,450.6666666666667,180.36444586817348,93.4,96.81,94.96857142857142
2013-11-07,389.0,94.25,1,0,1,0,Provincializacion Santa Elena,1,2013,11,7,3,Thursday,45,4,0,0,0,0,295.0,224.0,384.0,346.0,454.85714285714283,208.5756685805165,453.07142857142856,186.83701835710008,443.3333333333333,182.12241683176626,94.74,96.29,94.67285714285715
2013-11-08,379.0,94.56,0,0,0,0,No holiday,0,2013,11,8,4,Friday,45,4,0,0,0,0,389.0,375.0,297.0,601.0,478.42857142857144,186.26849540636854,453.42857142857144,186.69955884984088,444.76666666666665,181.49811119627674,94.25,94.56,94.38142857142857
2013-11-09,644.0,94.75,0,0,0,0,No holiday,0,2013,11,9,5,Saturday,45,4,1,0,0,0,379.0,549.0,531.0,277.0,479.0,185.9040971397169,459.2857142857143,182.6570677406279,437.3666666666667,179.42234576807726,94.56,94.56666666666666,94.38142857142859
2013-11-10,695.0,94.94,1,0,0,1,Independencia de Guaranda,1,2013,11,10,6,Sunday,45,4,1,0,0,0,644.0,860.0,801.0,221.0,492.57142857142856,195.1058320868079,467.35714285714283,188.47387378334705,449.6,180.61859223808858,94.75,94.57333333333334,94.40761904761905
2013-11-11,612.0,95.13,1,0,0,1,Independencia de Latacunga,1,2013,11,11,0,Monday,46,4,0,0,0,0,695.0,406.0,297.0,558.0,469.0,147.46864073422506,459.7857142857143,175.73852017280504,465.4,180.66383337473806,94.94,94.58,94.46000000000001
2013-11-12,314.0,93.12,1,0,0,1,Independencia de Ambato,1,2013,11,12,1,Tuesday,46,4,0,0,0,0,612.0,475.0,352.0,485.0,498.42857142857144,153.2425714815752,482.2857142857143,173.44359693768249,467.2,181.88313792671633,95.13,93.4,94.53857142857143
2013-11-13,343.0,93.91,0,0,0,0,No holiday,0,2013,11,13,2,Wednesday,46,4,0,0,0,0,314.0,295.0,497.0,276.0,475.42857142857144,168.65236152399112,479.57142857142856,175.91899984224116,461.5,183.97352695616183,93.12,94.74,94.49857142857142
2013-11-14,295.0,93.76,0,0,0,0,No holiday,0,2013,11,14,3,Thursday,46,4,0,0,0,0,343.0,389.0,224.0,345.0,482.2857142857143,160.89097166063956,468.57142857142856,179.52317797034277,463.73333333333335,182.04052851765852,93.91,94.25,94.38
2013-11-15,400.0,93.8,0,0,0,0,No holiday,0,2013,11,15,4,Friday,46,4,0,0,0,0,295.0,379.0,375.0,396.0,468.85714285714283,173.41033088355147,473.64285714285717,172.96580682224527,462.06666666666666,183.38896543597738,93.76,94.56,94.31000000000002
2013-11-16,683.0,93.54333333333334,0,0,0,0,No holiday,0,2013,11,16,5,Saturday,46,4,1,0,0,0,400.0,644.0,549.0,329.0,471.85714285714283,171.77061115669002,475.42857142857144,171.99539988737354,462.2,183.3407229440724,93.8,94.75,94.20142857142856
2013-11-17,921.0,93.28666666666666,0,0,0,0,No holiday,0,2013,11,17,6,Sunday,46,4,1,0,0,1,683.0,695.0,860.0,427.0,477.42857142857144,178.77439893420328,485.0,179.94913811322425,474.0,185.84698934412634,93.54333333333334,94.94,94.0290476190476
2013-11-18,447.0,93.03,0,0,0,0,No holiday,0,2013,11,18,0,Monday,47,4,0,0,0,0,921.0,612.0,406.0,737.0,509.7142857142857,235.89666825802792,489.35714285714283,190.17546842642128,490.46666666666664,202.6632561721508,93.28666666666666,95.13,93.79285714285713
2013-11-19,401.0,93.35,0,0,0,0,No holiday,0,2013,11,19,1,Tuesday,47,4,0,0,0,0,447.0,314.0,475.0,904.0,486.14285714285717,232.18701411536665,492.2857142857143,189.10576144313788,480.8,197.34503304863154,93.03,93.12,93.49285714285715
2013-11-20,481.0,93.34,0,0,0,0,No holiday,0,2013,11,20,2,Wednesday,47,4,0,0,0,0,401.0,343.0,295.0,394.0,498.57142857142856,223.60669127052603,487.0,190.65393538273221,464.03333333333336,180.8259752727281,93.35,93.91,93.5257142857143
2013-11-21,199.0,95.35,0,0,0,0,No holiday,0,2013,11,21,3,Thursday,47,4,0,0,0,0,481.0,295.0,389.0,351.0,518.2857142857143,213.45781338531057,500.2857142857143,182.55386078610346,466.93333333333334,180.36111923952257,93.34,93.76,93.44428571428571
2013-11-22,419.0,94.53,0,0,0,0,No holiday,0,2013,11,22,4,Friday,47,4,0,0,0,0,199.0,400.0,379.0,310.0,504.57142857142856,232.43483469771124,486.7142857142857,197.88241596829795,461.8666666666667,185.78365863576886,95.35,93.8,93.67142857142856
2013-11-23,519.0,94.30666666666667,0,0,0,0,No holiday,0,2013,11,23,5,Saturday,47,4,1,0,0,0,419.0,683.0,644.0,384.0,507.2857142857143,231.11736865765423,489.57142857142856,196.49142251222844,465.5,183.76610884115883,94.53,93.54333333333334,93.77571428571427
2013-11-24,702.0,94.08333333333333,0,0,0,0,No holiday,0,2013,11,24,6,Sunday,47,4,1,0,0,0,519.0,921.0,695.0,297.0,483.85714285714283,218.29294428315694,480.64285714285717,191.71637992010562,470.0,183.35400092491128,94.30666666666667,93.28666666666666,93.88476190476192
2013-11-25,282.0,93.86,0,0,0,0,No holiday,0,2013,11,25,0,Monday,48,4,0,0,0,0,702.0,447.0,612.0,531.0,452.57142857142856,150.3061954177282,481.14285714285717,192.32658808265808,483.5,185.07868783210867,94.08333333333333,93.03,93.99857142857142
2013-11-26,274.0,93.41,0,0,0,0,No holiday,0,2013,11,26,1,Tuesday,48,4,0,0,0,0,282.0,401.0,314.0,801.0,429.0,163.66938219064235,457.57142857142856,195.25514443561116,475.2,188.4280526739124,93.86,93.35,94.11714285714285
2013-11-27,474.0,92.05,0,0,0,0,No holiday,0,2013,11,27,2,Wednesday,48,4,0,0,0,0,274.0,481.0,343.0,297.0,410.85714285714283,174.00328404125804,454.7142857142857,197.79376538802626,457.6333333333333,181.4431578765918,93.41,93.34,94.1257142857143
2013-11-28,258.0,92.3,0,0,0,0,No holiday,0,2013,11,28,3,Thursday,48,4,0,0,0,0,474.0,199.0,295.0,352.0,409.85714285714283,173.55251709634192,464.07142857142856,195.18372578979725,463.53333333333336,178.89965080310026,92.05,95.35,93.94142857142857
2013-11-29,363.0,92.55,0,0,0,0,No holiday,0,2013,11,29,4,Friday,48,4,0,0,0,0,258.0,419.0,400.0,497.0,418.2857142857143,162.6988161048034,461.42857142857144,197.88097210413906,460.4,181.72138583272323,92.3,94.53,93.50571428571428
2013-11-30,726.0,92.90333333333334,0,0,0,0,No holiday,0,2013,11,30,5,Saturday,48,4,1,0,1,0,363.0,519.0,683.0,224.0,410.2857142857143,164.0291785889672,458.7857142857143,199.00837963471562,455.93333333333334,182.4361831423256,92.55,94.30666666666667,93.22285714285715
2013-12-01,736.0,93.25666666666666,0,0,0,0,No holiday,0,2013,12,1,6,Sunday,48,4,1,1,0,0,726.0,702.0,921.0,375.0,439.85714285714283,201.31602732306922,461.85714285714283,203.02627989910633,472.6666666666667,183.4486366775467,92.90333333333334,94.08333333333333,93.02238095238094
2013-12-02,421.0,93.61,0,0,0,0,No holiday,0,2013,12,2,0,Monday,49,4,0,0,0,0,736.0,282.0,447.0,549.0,444.7142857142857,208.95989590167295,448.64285714285717,174.9182697687724,484.7,188.58916303381025,93.25666666666666,93.86,92.90428571428572
2013-12-03,493.0,95.83,0,0,0,0,No holiday,0,2013,12,3,1,Tuesday,49,4,0,0,0,0,421.0,274.0,401.0,860.0,464.57142857142856,197.19352350999168,446.7857142857143,175.07500747324895,480.43333333333334,188.53220402367057,93.61,93.41,92.86857142857143
2013-12-04,454.0,96.97,0,0,0,0,No holiday,0,2013,12,4,2,Wednesday,49,4,0,0,0,0,493.0,474.0,481.0,406.0,495.85714285714283,178.3960281428452,453.35714285714283,174.9508094130623,468.2,174.4335462832923,95.83,92.05,93.21428571428571
2013-12-05,265.0,97.14,1,0,0,1,Fundacion de Quito-1,1,2013,12,5,3,Thursday,49,4,0,0,0,0,454.0,258.0,199.0,475.0,493.0,178.96368346678597,451.42857142857144,174.7713734197706,469.8,174.06308804766624,96.97,92.3,93.91714285714285
2013-12-06,388.0,97.48,1,0,0,1,Fundacion de Quito,1,2013,12,6,4,Friday,49,4,0,0,0,0,265.0,363.0,419.0,295.0,494.0,177.44482710596728,456.14285714285717,168.2053951128051,462.8,178.02429125223898,97.14,92.55,94.60857142857142
2013-12-07,504.0,97.35333333333334,0,0,0,0,No holiday,0,2013,12,7,5,Saturday,49,4,1,0,0,0,388.0,726.0,519.0,389.0,497.57142857142856,174.59749630016367,453.92857142857144,168.9344270992168,465.9,175.79736571718985,97.48,92.90333333333334,95.31285714285714
2013-12-08,477.0,97.22666666666666,1,0,0,1,Fundacion de Loja,1,2013,12,8,6,Sunday,49,4,1,0,0,0,504.0,736.0,702.0,379.0,465.85714285714283,143.60063668780433,452.85714285714283,168.5370797561984,469.73333333333335,175.31585945005827,97.35333333333334,93.25666666666666,95.94857142857143
2013-12-09,378.0,97.1,0,0,0,0,No holiday,0,2013,12,9,0,Monday,50,4,0,0,0,0,477.0,421.0,282.0,644.0,428.85714285714283,82.95667256953713,436.7857142857143,152.9596118494774,473.0,174.4779405086439,97.22666666666666,93.61,96.51571428571428
2013-12-10,330.0,98.32,0,0,0,0,No holiday,0,2013,12,10,1,Tuesday,50,4,0,0,0,0,378.0,493.0,274.0,695.0,422.7142857142857,85.197250123295,443.64285714285717,147.54274850822918,464.1333333333333,172.23274816430765,97.1,95.83,97.0142857142857
2013-12-11,508.0,97.25,0,0,0,0,No holiday,0,2013,12,11,2,Wednesday,50,4,0,0,0,0,330.0,454.0,474.0,612.0,399.42857142857144,85.06048268312114,447.64285714285717,143.28755764484268,451.96666666666664,168.20666339118475,98.32,96.97,97.37
2013-12-12,502.0,97.21,0,0,0,0,No holiday,0,2013,12,12,3,Thursday,50,4,0,0,0,0,508.0,265.0,258.0,314.0,407.14285714285717,92.92008855539635,450.07142857142856,144.05472479673713,448.5,165.84990098029104,97.25,97.14,97.41
2013-12-13,367.0,96.27,0,0,0,0,No holiday,0,2013,12,13,4,Friday,50,4,0,0,0,0,502.0,388.0,363.0,343.0,441.0,73.68174807915379,467.5,133.39516194663577,454.76666666666665,164.135495611218,97.21,97.48,97.42
2013-12-14,547.0,96.57333333333334,0,0,0,0,No holiday,0,2013,12,14,5,Saturday,50,4,1,0,0,0,367.0,504.0,726.0,295.0,438.0,76.57022920169352,467.7857142857143,133.1581931223323,455.56666666666666,163.6296666747564,96.27,97.35333333333334,97.24714285714286
2013-12-15,621.0,96.87666666666667,0,0,0,0,No holiday,0,2013,12,15,6,Sunday,50,4,1,0,0,0,547.0,477.0,736.0,400.0,444.14285714285717,84.10197891335699,455.0,113.61744178128207,463.96666666666664,161.55782211040545,96.57333333333334,97.22666666666666,97.13571428571427
2013-12-16,322.0,97.18,0,0,0,0,No holiday,0,2013,12,16,0,Monday,51,4,0,0,0,0,621.0,378.0,421.0,683.0,464.7142857142857,107.76164173105074,446.7857142857143,94.24450897812251,471.3333333333333,163.56657051031453,96.87666666666667,97.1,97.08571428571427
2013-12-17,496.0,96.99,0,0,0,0,No holiday,0,2013,12,17,1,Tuesday,51,4,0,0,0,0,322.0,330.0,493.0,921.0,456.7142857142857,116.95827501822177,439.7142857142857,99.8740965658018,459.3,160.71181103732386,97.18,98.32,97.09714285714287
2013-12-18,532.0,97.59,0,0,0,0,No holiday,0,2013,12,18,2,Wednesday,51,4,0,0,0,0,496.0,508.0,454.0,447.0,480.42857142857144,102.97711257500688,439.92857142857144,100.00035714221909,445.1333333333333,135.33858774692925,96.99,97.25,96.90714285714286
2013-12-19,455.0,98.4,0,0,0,0,No holiday,0,2013,12,19,3,Thursday,51,4,0,0,0,0,532.0,502.0,265.0,401.0,483.85714285714283,104.43726756834836,445.5,102.97329750959683,447.96666666666664,136.2655833121564,97.59,97.21,96.9557142857143
2013-12-20,441.0,99.11,0,0,0,0,No holiday,0,2013,12,20,4,Friday,51,4,0,0,0,0,455.0,367.0,388.0,481.0,477.14285714285717,104.58717029576866,459.07142857142856,88.91522694351923,449.76666666666665,135.98014138312496,98.4,96.27,97.12571428571428
2013-12-21,630.0,98.94666666666667,1,1,0,0,Navidad-4,1,2013,12,21,5,Saturday,51,4,1,0,0,0,441.0,547.0,504.0,199.0,487.7142857142857,94.88890747555637,462.85714285714283,86.7586015623517,448.43333333333334,135.85938047984672,99.11,96.57333333333334,97.53142857142858
2013-12-22,985.0,98.78333333333333,2,1,0,1,Cantonizacion de Salinas | Navidad-3,1,2013,12,22,6,Sunday,51,4,1,0,0,1,630.0,621.0,477.0,419.0,499.57142857142856,107.83452932287348,471.85714285714283,97.25530014653884,462.8,131.28447658845045,98.94666666666667,96.87666666666667,97.8704761904762
2013-12-23,523.0,98.62,1,1,0,0,Navidad-2,1,2013,12,23,0,Monday,52,4,0,0,0,0,985.0,322.0,378.0,519.0,551.5714285714286,212.81357815613893,508.14285714285717,168.20722436824852,481.6666666666667,161.87784524637445,98.78333333333333,97.18,98.14285714285714
2013-12-24,365.0,98.87,1,1,0,0,Navidad-1,1,2013,12,24,1,Tuesday,52,4,0,0,0,0,523.0,496.0,330.0,702.0,580.2857142857143,188.89125115236226,518.5,163.98862530910245,481.8,161.91129968447908,98.62,96.99,98.34857142857143
2014-02-01,732.0,97.17999999999999,0,0,0,0,No holiday,0,2014,2,1,5,Saturday,5,1,1,1,0,0,456.0,789.0,720.0,589.0,473.2857142857143,193.36641753047851,458.5,176.36533324106182,521.8666666666667,232.08748845823325,97.55,96.38,96.99000000000001
2014-02-02,704.0,96.81,0,0,0,0,No holiday,0,2014,2,2,6,Sunday,5,1,1,0,0,0,732.0,698.0,561.0,474.0,465.14285714285717,178.48289233745282,459.35714285714283,177.75766007203663,526.6333333333333,234.96448496613752,97.17999999999999,96.1,97.10428571428572
2014-02-03,395.0,96.44,0,0,0,0,No holiday,0,2014,2,3,0,Monday,6,1,0,0,0,0,704.0,310.0,391.0,767.0,466.0,179.79710787440357,469.57142857142856,187.8684950399386,534.3,236.9319922794666,96.81,95.82,97.20571428571428
2014-02-04,313.0,97.24,0,0,0,0,No holiday,0,2014,2,4,1,Tuesday,6,1,0,0,0,0,395.0,332.0,421.0,1203.0,478.14285714285717,170.11508709442202,469.85714285714283,187.74280981534991,521.9,234.05044401758258,96.44,97.49,97.2942857142857
2014-02-05,463.0,97.4,0,0,0,0,No holiday,0,2014,2,5,2,Wednesday,6,1,0,0,0,0,313.0,405.0,519.0,399.0,475.42857142857144,172.96324960605259,462.14285714285717,192.07364658975402,492.23333333333335,198.4376360529897,97.24,97.34,97.25857142857144
2014-02-06,301.0,97.84,0,0,0,0,No holiday,0,2014,2,6,3,Thursday,6,1,0,0,0,0,463.0,323.0,231.0,498.0,483.7142857142857,170.3972948589209,458.14285714285717,191.38035312027085,494.3666666666667,197.74356144247523,97.4,98.25,97.26714285714286
2014-02-07,289.0,99.98,0,0,0,0,No holiday,0,2014,2,7,4,Friday,6,1,0,0,0,0,301.0,456.0,263.0,561.0,480.57142857142856,174.01997695940636,463.14285714285717,185.823264728305,487.8,200.86509454580826,97.84,97.55,97.20857142857143
2014-02-08,678.0,100.02666666666667,0,0,0,0,No holiday,0,2014,2,8,5,Saturday,6,1,1,0,0,0,289.0,732.0,789.0,239.0,456.7142857142857,188.77209741353374,465.0,183.7879212570837,478.73333333333335,203.56765093144602,99.98,97.17999999999999,97.5557142857143
2014-02-09,731.0,100.07333333333334,0,0,0,0,No holiday,0,2014,2,9,6,Sunday,6,1,1,0,0,0,678.0,704.0,698.0,438.0,449.0,176.34152469946844,457.07142857142856,170.6609162979279,493.3666666666667,201.50853209168855,100.02666666666667,96.81,97.96238095238095
2014-02-10,370.0,100.12,0,0,0,0,No holiday,0,2014,2,10,0,Monday,7,1,0,0,0,0,731.0,395.0,310.0,619.0,452.85714285714283,183.0176936541276,459.42857142857144,174.4308169163634,503.1333333333333,205.78759275848796,100.07333333333334,96.44,98.42857142857143
2014-02-11,440.0,99.96,0,0,0,0,No holiday,0,2014,2,11,1,Tuesday,7,1,0,0,0,0,370.0,313.0,332.0,533.0,449.2857142857143,184.5722209919593,463.7142857142857,171.1838546356288,494.8333333333333,205.97456879067786,100.12,97.24,98.95428571428572
2014-02-12,409.0,100.38,0,0,0,0,No holiday,0,2014,2,12,2,Wednesday,7,1,0,0,0,0,440.0,463.0,405.0,443.0,467.42857142857144,174.93318452374604,471.42857142857144,167.17826242837742,491.73333333333335,206.08015403007008,99.96,97.4,99.34285714285714
2014-02-13,310.0,100.27,0,0,0,0,No holiday,0,2014,2,13,3,Thursday,7,1,0,0,0,0,409.0,301.0,323.0,440.0,459.7142857142857,176.34598028280848,471.7142857142857,167.0593761655872,490.6,206.45056183686822,100.38,97.84,99.76857142857143
2014-02-14,258.0,100.31,0,0,0,0,No holiday,0,2014,2,14,4,Friday,7,1,0,0,0,0,310.0,289.0,456.0,360.0,461.0,175.02380790433412,470.7857142857143,167.9831395254749,486.26666666666665,208.89907368991774,100.27,99.98,100.11571428571428
2014-02-15,650.0,100.8675,0,0,0,0,No holiday,0,2014,2,15,5,Saturday,7,1,1,0,0,0,258.0,678.0,732.0,1168.0,456.57142857142856,180.41051072748587,456.64285714285717,177.3950858494014,482.8666666666667,211.8344723555655,100.31,100.02666666666667,100.16285714285713
2014-02-16,583.0,101.42500000000001,0,0,0,0,No holiday,0,2014,2,16,6,Sunday,7,1,1,0,0,0,650.0,731.0,704.0,506.0,452.57142857142856,174.9093642841504,450.7857142857143,168.74704718621282,465.6,171.29559045797046,100.8675,100.07333333333334,100.28297619047619
2014-02-17,506.0,101.9825,0,0,0,0,No holiday,0,2014,2,17,0,Monday,8,1,0,0,0,0,583.0,370.0,395.0,720.0,431.42857142857144,141.37403951086256,442.14285714285717,157.50450891853964,468.1666666666667,172.4944943315947,101.42500000000001,100.12,100.47607142857144
2014-02-18,506.0,102.54,0,0,0,0,No holiday,0,2014,2,18,1,Tuesday,8,1,0,0,0,0,506.0,440.0,313.0,561.0,450.85714285714283,140.86924028027823,450.07142857142856,157.74246990961822,461.03333333333336,166.0246104177562,101.9825,99.96,100.74214285714287
2014-02-19,392.0,103.46,0,0,0,0,No holiday,0,2014,2,19,2,Wednesday,8,1,0,0,0,0,506.0,409.0,463.0,391.0,460.2857142857143,142.22366690734472,463.85714285714283,153.21019103624482,459.2,165.1842023005078,102.54,100.38,101.1107142857143
2014-02-20,296.0,103.2,0,0,0,0,No holiday,0,2014,2,20,3,Thursday,8,1,0,0,0,0,392.0,310.0,301.0,421.0,457.85714285714283,143.3857600686906,458.7857142857143,154.41112881944974,459.23333333333335,165.17006561333247,103.46,100.27,101.55071428571429
2014-02-21,393.0,102.53,0,0,0,0,No holiday,0,2014,2,21,4,Friday,8,1,0,0,0,0,296.0,258.0,289.0,519.0,455.85714285714283,145.8680094828064,458.42857142857144,154.80941846010546,455.06666666666666,167.72471973205174,103.2,100.31,101.96928571428573
2014-02-22,809.0,102.74333333333334,0,0,0,0,No holiday,0,2014,2,22,5,Saturday,8,1,1,0,0,0,393.0,650.0,678.0,231.0,475.14285714285717,122.38249952699988,465.85714285714283,148.41721709313353,450.8666666666667,167.64612428715927,102.53,100.8675,102.28642857142857
2014-02-23,714.0,102.95666666666666,0,0,0,0,No holiday,0,2014,2,23,6,Sunday,8,1,1,0,0,0,809.0,583.0,731.0,263.0,497.85714285714283,166.90259491834195,475.2142857142857,165.91850574740158,470.1333333333333,174.57667682698607,102.74333333333334,101.42500000000001,102.55440476190476
2014-02-24,338.0,103.17,0,0,0,0,No holiday,0,2014,2,24,0,Monday,9,1,0,0,0,0,714.0,506.0,370.0,789.0,516.5714285714286,184.46124899542548,474.0,163.95308897552184,485.1666666666667,175.54056085630768,102.95666666666666,101.9825,102.77321428571429
2014-02-25,453.0,102.2,0,0,0,0,No holiday,0,2014,2,25,1,Tuesday,9,1,0,0,0,0,338.0,506.0,440.0,698.0,492.57142857142856,196.5959114044652,471.7142857142857,165.7279645737503,470.1333333333333,167.76250317417265,103.17,102.54,102.94285714285715
2014-02-26,388.0,102.93,0,0,0,0,No holiday,0,2014,2,26,2,Wednesday,9,1,0,0,0,0,453.0,392.0,409.0,310.0,485.0,197.01268994661217,472.64285714285717,165.5729479682629,461.96666666666664,162.1571148147912,102.2,103.46,102.89428571428572
2014-02-27,587.0,102.68,0,0,0,0,No holiday,0,2014,2,27,3,Thursday,9,1,0,0,0,0,388.0,296.0,310.0,332.0,484.42857142857144,197.33293114502112,471.14285714285717,166.28745137116172,464.56666666666666,160.25059757451268,102.93,103.2,102.81857142857143
2014-02-28,346.0,102.88,0,0,0,0,No holiday,0,2014,2,28,4,Friday,9,1,0,0,1,0,587.0,393.0,258.0,405.0,526.0,180.99723754798023,490.92857142857144,162.06478490250277,473.06666666666666,159.73856514756295,102.68,102.53,102.74428571428572
2014-03-01,714.0,103.7,0,0,0,0,No holiday,0,2014,3,1,5,Saturday,9,1,1,1,0,0,346.0,809.0,650.0,323.0,519.2857142857143,187.50796808466052,497.2142857142857,153.83316566053898,471.1,160.9639818353031,102.88,102.74333333333334,102.79428571428572
2014-03-02,410.0,104.52,1,0,0,1,Fundacion de Manta,1,2014,3,2,6,Sunday,9,1,1,0,0,0,714.0,714.0,583.0,456.0,505.7142857142857,165.14913894791596,501.7857142857143,159.56680711872974,484.1333333333333,164.3528024651872,103.7,102.95666666666666,102.93095238095238
2014-03-03,408.0,105.34,1,1,0,0,Carnaval,1,2014,3,3,0,Monday,10,1,0,0,0,0,410.0,338.0,506.0,732.0,462.2857142857143,139.17700275274652,489.42857142857144,159.49232645429115,482.6,164.83818606805528,104.52,103.17,103.1542857142857
2014-03-04,648.0,103.64,1,1,0,0,Carnaval,1,2014,3,4,1,Tuesday,10,1,0,0,0,0,408.0,453.0,506.0,704.0,472.2857142857143,131.0352551614947,482.42857142857144,160.85383440862088,471.8,158.42357017251823,105.34,102.2,103.46428571428571
2014-03-05,367.0,101.75,0,0,0,0,No holiday,0,2014,3,5,2,Wednesday,10,1,0,0,0,0,648.0,388.0,392.0,395.0,500.14285714285717,146.1123181795754,492.57142857142856,166.82082248084856,469.93333333333334,155.90313821648053,103.64,102.93,103.66999999999999
2014-03-06,492.0,101.82,0,0,0,0,No holiday,0,2014,3,6,3,Thursday,10,1,0,0,0,0,367.0,587.0,296.0,313.0,497.14285714285717,148.98593733574143,490.7857142857143,168.10902074886653,469.0,156.45005813247587,101.75,102.68,103.50142857142858
2014-03-07,410.0,102.82,0,0,0,0,No holiday,0,2014,3,7,4,Friday,10,1,0,0,0,0,492.0,346.0,393.0,463.0,483.57142857142856,143.66843441625926,504.7857142857143,158.52792938660482,474.96666666666664,153.68428976164137,101.82,102.88,103.37857142857142
2014-03-08,572.0,102.34333333333333,0,0,0,0,No holiday,0,2014,3,8,5,Saturday,10,1,1,0,0,0,410.0,714.0,809.0,301.0,492.7142857142857,135.24387143935473,506.0,157.6685910870792,473.2,154.13057608001904,102.82,103.7,103.36999999999999
2014-03-09,731.0,101.86666666666666,0,0,0,0,No holiday,0,2014,3,9,6,Sunday,10,1,1,0,0,0,572.0,410.0,714.0,289.0,472.42857142857144,103.42768350052923,489.07142857142856,133.50509312423202,482.23333333333335,151.6110457565748,102.34333333333333,104.52,103.17619047619048
2014-03-10,437.0,101.39,0,0,0,0,No holiday,0,2014,3,10,0,Monday,11,1,0,0,0,0,731.0,408.0,338.0,678.0,518.2857142857143,136.88524912703852,490.2857142857143,135.7664445749665,496.96666666666664,153.64816130128048,101.86666666666666,105.34,102.79714285714286
2014-03-11,509.0,100.29,0,0,0,0,No holiday,0,2014,3,11,1,Tuesday,11,1,0,0,0,0,437.0,648.0,453.0,731.0,522.4285714285714,133.38522799627785,497.35714285714283,129.66560966451476,488.93333333333334,150.11626145765462,101.39,103.64,102.23285714285714
2014-03-12,317.0,98.29,0,0,0,0,No holiday,0,2014,3,12,2,Wednesday,11,1,0,0,0,0,509.0,367.0,388.0,370.0,502.57142857142856,121.38211996673564,501.35714285714283,129.0543160204898,481.53333333333336,143.078886688749,100.29,101.75,101.75428571428571
2014-03-13,254.0,98.57,0,0,0,0,No holiday,0,2014,3,13,3,Thursday,11,1,0,0,0,0,317.0,492.0,587.0,440.0,495.42857142857144,131.72048327532687,496.2857142857143,135.10476195640433,479.76666666666665,144.8201460869433,98.29,101.82,101.26
2014-03-14,243.0,99.23,0,0,0,0,No holiday,0,2014,3,14,4,Friday,11,1,0,0,0,0,254.0,410.0,346.0,409.0,461.42857142857144,160.35674514745438,472.5,146.7193815522575,473.56666666666666,150.45326535994883,98.57,102.82,100.79571428571428
2014-03-15,535.0,98.96333333333334,0,0,0,0,No holiday,0,2014,3,15,5,Saturday,11,1,1,0,0,0,243.0,572.0,714.0,310.0,437.57142857142856,180.44745970582576,465.14285714285717,155.8489688733971,468.03333333333336,155.86499094504435,99.23,102.34333333333333,100.28285714285714
2014-03-16,726.0,98.69666666666667,0,0,0,0,No holiday,0,2014,3,16,6,Sunday,11,1,1,0,0,0,535.0,731.0,410.0,258.0,432.2857142857143,176.34881559541205,452.35714285714283,140.44358689132483,475.53333333333336,153.39215763196117,98.96333333333334,101.86666666666666,99.8
2014-03-17,285.0,98.43,0,0,0,0,No holiday,0,2014,3,17,0,Monday,12,1,0,0,0,0,726.0,437.0,408.0,650.0,431.57142857142856,174.9417590160192,474.92857142857144,157.47305717570774,491.1333333333333,154.30125780731495,98.69666666666667,101.39,99.34714285714287
2014-03-18,353.0,100.08,0,0,0,0,No holiday,0,2014,3,18,1,Tuesday,12,1,0,0,0,0,285.0,509.0,648.0,583.0,409.85714285714283,183.38523074976,466.14285714285717,164.75709726412725,478.96666666666664,155.72621495107504,98.43,100.29,98.92428571428572
2014-03-19,346.0,100.71,0,0,0,0,No holiday,0,2014,3,19,2,Wednesday,12,1,0,0,0,0,353.0,317.0,367.0,506.0,387.57142857142856,178.7492257725486,445.07142857142856,158.453324496383,471.3,156.0890881781163,100.08,98.29,98.89428571428573
2014-03-20,139.0,99.68,0,0,0,0,No holiday,0,2014,3,20,3,Thursday,12,1,0,0,0,0,346.0,254.0,492.0,506.0,391.7142857142857,177.1700823932696,443.57142857142856,159.34612268011676,465.96666666666664,157.58883282099958,100.71,98.57,99.24
2014-03-21,456.0,99.97,0,0,0,0,No holiday,0,2014,3,21,4,Friday,12,1,0,0,0,0,139.0,243.0,410.0,392.0,375.2857142857143,196.36081948436473,418.35714285714283,177.93758937977591,453.73333333333335,168.2575885122389,99.68,99.23,99.39857142857144
2014-03-22,567.0,99.99666666666667,0,0,0,0,No holiday,0,2014,3,22,5,Saturday,12,1,1,0,0,0,456.0,535.0,572.0,296.0,405.7142857142857,188.8029963442617,421.64285714285717,178.19591946586695,455.8666666666667,167.8531240828353,99.97,98.96333333333334,99.50428571428571
2014-03-23,603.0,100.02333333333333,0,0,0,0,No holiday,0,2014,3,23,6,Sunday,12,1,1,0,0,0,567.0,726.0,731.0,393.0,410.2857142857143,192.80016795092433,421.2857142857143,177.87611443898842,464.9,166.23733553007227,99.99666666666667,98.69666666666667,99.65190476190476
2014-03-24,371.0,100.05,0,0,0,0,No holiday,0,2014,3,24,0,Monday,13,1,0,0,0,0,603.0,285.0,437.0,809.0,392.7142857142857,162.4466212695869,412.14285714285717,163.43564112888237,471.9,167.52176389744184,100.02333333333333,98.43,99.84142857142857
2014-03-25,392.0,99.66,0,0,0,0,No holiday,0,2014,3,25,1,Tuesday,13,1,0,0,0,0,371.0,353.0,509.0,714.0,405.0,156.06942899449118,407.42857142857144,163.6152683705163,457.3,155.80627892265454,100.05,100.08,100.07285714285715
2014-03-26,432.0,100.61,0,0,0,0,No holiday,0,2014,3,26,2,Wednesday,13,1,0,0,0,0,392.0,346.0,317.0,338.0,410.57142857142856,154.59286005812893,399.07142857142856,160.99520503405088,446.56666666666666,148.4291734809224,99.66,100.71,100.01285714285713
2014-03-27,328.0,101.25,0,0,0,0,No holiday,0,2014,3,27,3,Thursday,13,1,0,0,0,0,432.0,139.0,254.0,453.0,422.85714285714283,152.00156640796848,407.2857142857143,159.41162421249575,449.7,147.0440117084345,100.61,99.68,99.99857142857142
2014-03-28,523.0,101.73,0,0,0,0,No holiday,0,2014,3,28,4,Friday,13,1,0,0,0,0,328.0,456.0,243.0,388.0,449.85714285714283,101.609429633652,412.57142857142856,155.10676932393994,445.53333333333336,148.70886468795825,101.25,99.97,100.22285714285714
2014-03-29,647.0,101.67666666666666,0,0,0,0,No holiday,0,2014,3,29,5,Saturday,13,1,1,0,0,0,523.0,567.0,535.0,587.0,459.42857142857144,105.37054797690043,432.57142857142856,149.51085079516642,450.03333333333336,148.9502308301927,101.73,99.99666666666667,100.4742857142857
2014-03-30,599.0,101.62333333333333,0,0,0,0,No holiday,0,2014,3,30,6,Sunday,13,1,1,0,0,0,647.0,603.0,726.0,346.0,470.85714285714283,122.00741585579719,440.57142857142856,158.1594688357848,452.03333333333336,151.23799087880448,101.67666666666666,100.02333333333333,100.7142857142857
2014-03-31,415.0,101.57,0,0,0,0,No holiday,0,2014,3,31,0,Monday,14,1,0,0,1,0,599.0,371.0,285.0,714.0,470.2857142857143,121.29264100473972,431.5,143.4909538826537,460.46666666666664,152.17248229497994,101.62333333333333,100.05,100.94285714285714
